"PrimaryRecID","CandRegNumb","FilingYear","ElectionTypeKey","TransactionID","TransferEntityID","TransDate","TransRegNumb","Transferee","TransType","TransAmt","TransferCashAmount","TransferInKindAmount","TransferInKindDescriptionText","OverrideReconcile","OverrideReconcileUser","OverrideReconcileDate","ReconcileExplanation","Date_Entered","Last_Updated"
-2060004547,16438,17,"_","14","5682",10/13/2017 0:00:00,18139,"Liebling, Tina  Gov. Committee","C",$0.00,$400.00,$0.00,,0,,,,12/29/2017 15:17:23,12/29/2017 15:17:23
-2040121069,12790,17,"_","57","936",12/6/2017 0:00:00,20010,"HRCC","P",$0.00,$50.00,$0.00,,0,,,,1/31/2018 18:00:35,1/31/2018 18:00:35
-1977342988,17296,17,"_","24","742",5/5/2017 0:00:00,20003,"Minn DFL State Central Committee","P",$0.00,$375.00,$0.00,,0,,,,1/30/2018 15:12:18,1/30/2018 15:12:18
-1973798403,17990,17,"_","35","671",11/22/2017 0:00:00,20003,"Minn DFL State Central Committee","P",$0.00,$150.00,$0.00,,0,,,,1/26/2018 18:18:21,1/26/2018 18:18:21
-1963986558,15548,17,"_","3","901",1/2/2017 0:00:00,20006,"DFL House Caucus","P",$0.00,$1000.00,$0.00,,0,,,,1/29/2018 7:51:28,1/29/2018 7:51:28
-1947597948,17685,17,"_","58","1157",10/25/2017 0:00:00,30636,"TakeAction Political Fund","F",$0.00,$1000.00,$0.00,,0,,,,1/15/2018 16:31:40,1/15/2018 16:31:40
-1943538943,17383,17,"_","689","780",8/15/2017 0:00:00,20008,"Republican Party of Minn","P",$0.00,$250.00,$0.00,,0,,,,1/17/2018 11:04:17,1/17/2018 11:04:17
-1943329182,18127,17,"_","2276186943055",,2/23/2017 0:00:00,20003,"Minnesota DFL","P",$0.00,$100.00,,"",0,,,,1/31/2018 21:58:14,1/31/2018 21:58:14
-1915898483,16885,17,"_",,,6/22/2017 0:00:00,18128,"Rebecca Otto for Minnesota","C",$0.00,$3059.37,,,0,,,,6/29/2017 9:47:30,6/29/2017 9:47:30
-1881296263,17012,17,"_","571","6754",10/1/2017 0:00:00,18123,"Neu, Anne  House Dist. 32B Committee","C",$0.00,$500.00,$0.00,,0,,,,1/31/2018 22:37:30,1/31/2018 22:37:30
-1801768972,17296,17,"_","21","768",12/5/2017 0:00:00,20047,"Kandiyohi County DFL","P",$0.00,$2000.00,$0.00,,0,,,,1/30/2018 15:12:18,1/30/2018 15:12:18
-1714541447,15521,17,"_","21","976",12/1/2017 0:00:00,20877,"56th Senate District RPM","P",$0.00,$500.00,$0.00,,0,,,,1/30/2018 20:29:26,1/30/2018 20:29:26
-1714260286,16189,17,"_","332","861",10/31/2017 0:00:00,20006,"DFL House Caucus","P",$0.00,$1000.00,$0.00,,0,,,,1/31/2018 17:46:32,1/31/2018 17:46:32
-1697925207,16398,17,"_","43","840",4/24/2017 0:00:00,20006,"DFL House Caucus","P",$0.00,$210.00,$0.00,,0,,,,1/11/2018 12:42:22,1/11/2018 12:42:22
-1601798142,16332,17,"_","75","7040",7/28/2017 0:00:00,18135,"Walz, Tim  Gov. Committee","C",$0.00,$3532.00,$0.00,,0,,,,8/3/2017 8:48:42,8/3/2017 8:48:42
-1564989992,16072,17,"_","901","1326",12/31/2017 0:00:00,20010,"HRCC","P",$0.00,$5000.00,$0.00,,0,,,,1/15/2018 16:33:42,1/15/2018 16:33:42
-1554367566,15671,17,"_","60","845",1/6/2017 0:00:00,20006,"DFL House Caucus","P",$0.00,$1000.00,$0.00,,0,,,,1/31/2018 22:45:44,1/31/2018 22:45:44
-1546921040,18158,17,"_","231","782",8/1/2017 0:00:00,20471," 2nd Congressional District RPM","P",$0.00,$500.00,$0.00,,0,,,,1/30/2018 14:48:42,1/30/2018 14:48:42
-1511104797,15521,17,"_","15","718",3/31/2017 0:00:00,20051," 4th Congressional District RPM","P",$0.00,$330.00,$0.00,,0,,,,1/30/2018 20:29:26,1/30/2018 20:29:26
-1510689012,11899,17,"_","253","625",8/18/2017 0:00:00,20003,"Minn DFL State Central Committee","P",$0.00,$750.00,$0.00,,0,,,,10/4/2017 8:20:05,10/4/2017 8:20:05
-1493943119,16881,17,"_","140000000547923",,7/26/2017 0:00:00,,"Minnesota Democratic-Farmer-Labor Party Building Fund","O",$0.00,$18000.00,,"",0,,,,1/30/2018 13:00:42,1/30/2018 13:00:42
-1464589002,18127,17,"_","8916923999785",,10/12/2017 0:00:00,20023,"Winona County DFL","P",$0.00,$400.00,,"",0,,,,1/31/2018 21:58:14,1/31/2018 21:58:14
-1460701900,17672,17,"_","38","679",1/9/2017 0:00:00,20006,"DFL House Caucus","P",$0.00,$1000.00,$0.00,,0,,,,1/26/2018 17:35:37,1/26/2018 17:35:37
-1417950045,17719,17,"_",,,6/22/2017 0:00:00,17124,"Daudt (Kurt) Volunteer Committee","C",$0.00,$500.00,,,0,,,,7/6/2017 12:24:37,7/6/2017 12:24:37
-1394414444,11899,17,"_","229","562",4/28/2017 0:00:00,15317,"Tomassoni, David J Senate Dist.  6 Committee","C",$0.00,$500.00,$0.00,,0,,,,10/4/2017 8:20:05,10/4/2017 8:20:05
-1357286460,18125,17,"_","14416",,9/29/2017 0:00:00,20541,"Senate District 14 DFL","P",$0.00,$225.00,,"",0,,,,1/31/2018 13:57:02,1/31/2018 13:57:02
-1326134513,11109,17,"_","357","868",1/21/2017 0:00:00,20006,"DFL House Caucus","P",$0.00,$1000.00,$0.00,,0,,,,1/23/2018 14:58:56,1/23/2018 14:58:56
-1303487793,17924,17,"_","245","622",11/17/2017 0:00:00,20003,"Minn DFL State Central Committee","P",$0.00,$1500.00,$0.00,,0,,,,1/10/2018 8:50:50,1/10/2018 8:50:50
-1282487361,17124,17,"_","1936","841",9/23/2017 0:00:00,20042," 8th Congressional District RPM","P",$0.00,$275.00,$0.00,,0,,,,1/31/2018 21:45:27,1/31/2018 21:45:27
-1225206197,18125,17,"_","14415",,10/31/2017 0:00:00,20003,"Minnesota DFL","P",$0.00,$250.00,,"",0,,,,1/31/2018 13:57:02,1/31/2018 13:57:02
-1158641777,17460,17,"_","88","576",12/28/2017 0:00:00,20010,"HRCC","P",$0.00,$2500.00,$0.00,,0,,,,1/30/2018 14:11:11,1/30/2018 14:11:11
-1151986727,17698,17,"_","1","873",4/16/2017 0:00:00,20848,"56th Senate District DFL","P",$0.00,$456.91,$0.00,,0,,,,4/17/2017 13:27:03,4/17/2017 13:27:03
-1137616449,17885,17,"_","251","783",9/17/2017 0:00:00,20522," 2nd Congressional District DFL","P",$0.00,$200.00,$0.00,,0,,,,1/29/2018 13:12:35,1/29/2018 13:12:35
-1134817302,11899,17,"_","207","219",1/2/2017 0:00:00,16189,"Hansen, Richard (Rick) J House Dist. 52A Committee","C",$0.00,$250.00,$0.00,,0,,,,10/4/2017 8:20:05,10/4/2017 8:20:05
-1104135103,12790,17,"_","44","936",9/12/2017 0:00:00,20010,"HRCC","P",$0.00,$1000.00,$0.00,,0,,,,1/31/2018 18:00:35,1/31/2018 18:00:35
-1069016068,17376,17,"_","7","873",1/16/2017 0:00:00,20006,"DFL House Caucus","P",$0.00,$1000.00,$0.00,,0,,,,1/21/2018 10:59:18,1/21/2018 10:59:18
-1054826309,18024,17,"_","29","840",5/31/2017 0:00:00,20520,"59th Senate District RPM","P",$0.00,$1936.09,$0.00,,0,,,,6/5/2017 17:02:22,6/5/2017 17:02:22
-1053188333,17766,17,"_","2","3090",10/10/2017 0:00:00,18162,"Read, Jim  House Dist. 13A Committee","C",$0.00,$1600.00,$0.00,,0,,,,11/8/2017 13:51:15,11/8/2017 13:51:15
-1020277844,15521,17,"_","18","718",4/21/2017 0:00:00,20051," 4th Congressional District RPM","P",$0.00,$40.00,$0.00,,0,,,,1/30/2018 20:29:26,1/30/2018 20:29:26
-982855666,16807,17,"_","127","932",9/1/2017 0:00:00,20010,"HRCC","P",$0.00,$2500.00,$0.00,,0,,,,1/15/2018 16:48:24,1/15/2018 16:48:24
-970468108,16332,17,"_","49","6526",6/11/2017 0:00:00,17919,"Frentz, Nick Andrew  Senate Dist. 19 Committee","C",$0.00,$5000.00,$0.00,,0,,,,8/3/2017 8:48:42,8/3/2017 8:48:42
-970161701,17858,17,"_","114","640",2/18/2017 0:00:00,20003,"Minn DFL State Central Committee","P",$0.00,$2000.00,$0.00,,0,,,,1/30/2018 20:38:43,1/30/2018 20:38:43
-948206315,15542,17,"_","34","868",9/12/2017 0:00:00,20010,"HRCC","P",$0.00,$2500.00,$0.00,,0,,,,1/31/2018 15:58:24,1/31/2018 15:58:24
-895029652,15521,17,"_","14","693",3/7/2017 0:00:00,20008,"Republican Party of Minn","P",$0.00,$750.00,$0.00,,0,,,,1/30/2018 20:29:26,1/30/2018 20:29:26
-891183475,16567,17,"_","58","681",5/12/2017 0:00:00,20003,"Minn DFL State Central Committee","P",$0.00,$1250.00,$0.00,,0,,,,1/28/2018 14:59:25,1/28/2018 14:59:25
-882350466,16332,17,"_","47","855",4/8/2017 0:00:00,20417,"19th Senate District DFL","P",$0.00,$1000.00,$0.00,,0,,,,8/3/2017 8:48:42,8/3/2017 8:48:42
-878198573,17296,17,"_","15","3540",1/27/2017 0:00:00,20898,"17th Senate District DFL","P",$0.00,$1000.00,$0.00,,0,,,,1/30/2018 15:12:18,1/30/2018 15:12:18
-847213567,17685,17,"_","60","687",11/13/2017 0:00:00,20003,"Minn DFL State Central Committee","P",$0.00,$1500.00,$0.00,,0,,,,1/15/2018 16:31:40,1/15/2018 16:31:40
-833721751,11899,17,"_","226","3641",4/28/2017 0:00:00,18065,"Schoen, Dan  Senate Dist. 54 Committee","C",$0.00,$500.00,$0.00,,0,,,,10/4/2017 8:20:05,10/4/2017 8:20:05
-812494258,15521,17,"_","22","693",10/18/2017 0:00:00,20008,"Republican Party of Minn","P",$0.00,$250.00,$0.00,,0,,,,1/30/2018 20:29:26,1/30/2018 20:29:26
-806945393,17296,17,"_","16","3540",12/20/2017 0:00:00,20898,"17th Senate District DFL","P",$0.00,$1000.00,$0.00,,0,,,,1/30/2018 15:12:18,1/30/2018 15:12:18
-738129422,17933,17,"_","238","3306",10/23/2017 0:00:00,18135,"Walz, Tim  Gov. Committee","C",$0.00,$7000.00,$0.00,,0,,,,1/31/2018 15:54:24,1/31/2018 15:54:24
-726820314,17639,17,"_","151","4405",5/30/2017 0:00:00,30688,"Minnesota Voices","F",$0.00,$3330.91,$0.00,,0,,,,6/13/2017 9:42:06,6/13/2017 9:42:06
-721244474,17466,17,"_",,,6/5/2017 0:00:00,18144,"Neighbors for (Brandon) Taitt","C",$0.00,$500.00,,,0,,,,9/11/2017 8:27:19,9/11/2017 8:27:19
-719753357,16332,17,"_","50","7040",6/11/2017 0:00:00,18135,"Walz, Tim  Gov. Committee","C",$0.00,$5000.00,$0.00,,0,,,,8/3/2017 8:48:42,8/3/2017 8:48:42
-719444966,16697,17,"_","43","757",12/26/2017 0:00:00,20010,"HRCC","P",$0.00,$5000.00,$0.00,,0,,,,1/10/2018 9:09:42,1/10/2018 9:09:42
-666931458,17990,17,"_","31","671",5/16/2017 0:00:00,20003,"Minn DFL State Central Committee","P",$0.00,$250.00,$0.00,,0,,,,1/26/2018 18:18:21,1/26/2018 18:18:21
-619731155,17012,17,"_","572","6067",10/1/2017 0:00:00,17893,"Koran, Mark William  Senate Dist. 32 Committee","C",$0.00,$500.00,$0.00,,0,,,,1/31/2018 22:37:30,1/31/2018 22:37:30
-608668682,17672,17,"_","50","679",6/17/2017 0:00:00,20006,"DFL House Caucus","P",$0.00,$500.00,$0.00,,0,,,,1/26/2018 17:35:37,1/26/2018 17:35:37
-597759660,17011,17,"_","14","654",9/14/2017 0:00:00,20010,"HRCC","P",$0.00,$2500.00,$0.00,,0,,,,1/10/2018 16:53:45,1/10/2018 16:53:45
-570116836,17777,17,"_","10","888",8/17/2017 0:00:00,20006,"DFL House Caucus","P",$0.00,$1200.00,$0.00,,0,,,,1/31/2018 17:43:26,1/31/2018 17:43:26
-567548891,17296,17,"_","19","6158",4/28/2017 0:00:00,18125,"Murphy, Erin  Gov. Committee","C",$0.00,$5000.00,$0.00,,0,,,,1/30/2018 15:12:18,1/30/2018 15:12:18
-554331793,17992,17,"_","68","695",11/10/2017 0:00:00,20003,"Minn DFL State Central Committee","P",$0.00,$1000.00,$0.00,,0,,,,1/24/2018 14:19:24,1/24/2018 14:19:24
-498537064,17129,17,"_","22","764",9/10/2017 0:00:00,20010,"HRCC","P",$0.00,$2500.00,$0.00,,0,,,,1/26/2018 17:46:32,1/26/2018 17:46:32
-446878740,17466,17,"_",,,6/5/2017 0:00:00,20011,"DFL Senate Caucus","P",$0.00,$500.00,,,0,,,,9/11/2017 8:28:05,9/11/2017 8:28:05
-387669509,17360,17,"_","141","869",1/23/2017 0:00:00,20006,"DFL House Caucus","P",$0.00,$2500.00,$0.00,,0,,,,1/29/2018 20:44:09,1/29/2018 20:44:09
-348336620,17766,17,"_","3","905",10/10/2017 0:00:00,20505,"13th Senate District DFL","P",$0.00,$1688.06,$0.00,,0,,,,11/8/2017 13:51:15,11/8/2017 13:51:15
-324413952,17885,17,"_","179","595",1/13/2017 0:00:00,20006,"DFL House Caucus","P",$0.00,$1000.00,$0.00,,0,,,,1/29/2018 13:12:35,1/29/2018 13:12:35
-309724675,16398,17,"_","45","839",11/10/2017 0:00:00,20003,"Minn DFL State Central Committee","P",$0.00,$1000.00,$0.00,,0,,,,1/11/2018 12:42:22,1/11/2018 12:42:22
-301874753,17383,17,"_","722","784",5/17/2017 0:00:00,20013,"Senate Victory Fund","P",$0.00,$300.00,$0.00,,0,,,,1/29/2018 12:36:55,1/29/2018 12:36:55
-248431236,16567,17,"_","130","681",12/4/2017 0:00:00,20003,"Minn DFL State Central Committee","P",$0.00,$1500.00,$0.00,,0,,,,1/28/2018 14:59:25,1/28/2018 14:59:25
-195116019,18135,17,"_","5606",,4/18/2017 0:00:00,20417,"19th Senate District DFL","P",$0.00,$500.00,,"",0,,,,2/1/2018 11:58:46,2/1/2018 11:58:46
-164728324,18127,17,"_","2829831242562",,8/2/2017 0:00:00,20003,"Minnesota DFL","P",$0.00,$100.00,,"",0,,,,1/31/2018 21:58:14,1/31/2018 21:58:14
-163502279,17868,17,"_","151","1067",1/26/2017 0:00:00,20008,"Republican Party of Minn","P",$0.00,$250.00,$0.00,,0,,,,1/31/2018 17:21:55,1/31/2018 17:21:55
-62355171,18025,17,"_","73","840",5/31/2017 0:00:00,20520,"59th Senate District RPM","P",$0.00,$321.09,$0.00,,0,,,,6/5/2017 17:03:18,6/5/2017 17:03:18
-59967441,17262,17,"_","84","659",6/2/2017 0:00:00,20006,"DFL House Caucus","P",$0.00,$1350.00,$0.00,,0,,,,7/18/2017 16:20:34,7/18/2017 16:20:34
-56181537,17732,17,"_","542","705",9/13/2017 0:00:00,20010,"HRCC","P",$0.00,$1000.00,$0.00,,0,,,,1/28/2018 15:03:58,1/28/2018 15:03:58
-55938456,17520,17,"_","121","981",8/10/2017 0:00:00,20471," 2nd Congressional District RPM","P",$0.00,$500.00,$0.00,,0,,,,1/30/2018 7:57:17,1/30/2018 7:57:17
-33628779,15197,17,"_","10","857",1/18/2017 0:00:00,20006,"DFL House Caucus","P",$0.00,$1000.00,$0.00,,0,,,,1/25/2018 8:21:50,1/25/2018 8:21:50
-22178981,12604,17,"_","755","969",2/18/2017 0:00:00,20568,"Houston County RPM","P",$0.00,$250.00,$0.00,,0,,,,1/21/2018 14:41:42,1/21/2018 14:41:42
-16028154,17885,17,"_","190","783",2/17/2017 0:00:00,20522," 2nd Congressional District DFL","P",$0.00,$125.00,$0.00,,0,,,,1/29/2018 13:12:35,1/29/2018 13:12:35
24154260,11899,17,"_","263","3641",8/8/2017 0:00:00,18065,"Schoen, Dan  Senate Dist. 54 Committee","C",$0.00,$180.00,$0.00,,0,,,,10/4/2017 8:20:05,10/4/2017 8:20:05
38420783,17425,17,"_",,,5/30/2017 0:00:00,18031,"Laurie Pryor for State House","C",$0.00,$500.00,,,0,,,,8/1/2017 15:02:00,8/1/2017 15:02:00
49609798,11899,17,"_","224","629",4/28/2017 0:00:00,20011,"DFL Senate Caucus","P",$0.00,$1000.00,$0.00,,0,,,,10/4/2017 8:20:05,10/4/2017 8:20:05
76857531,18149,17,"_","61","700",10/27/2017 0:00:00,20003,"Minn DFL State Central Committee","P",$0.00,$250.00,$0.00,,0,,,,1/31/2018 17:23:50,1/31/2018 17:23:50
129893619,17296,17,"_","17","743",12/21/2017 0:00:00,20006,"DFL House Caucus","P",$0.00,$500.00,$0.00,,0,,,,1/30/2018 15:12:18,1/30/2018 15:12:18
131253017,18135,17,"_","5611",,12/29/2017 0:00:00,20003,"Minn DFL State Central Committee","P",$0.00,$1000.00,,"",0,,,,2/1/2018 11:58:46,2/1/2018 11:58:46
152167680,16247,17,"_","44","12252",2/5/2017 0:00:00,18128,"Otto, Rebecca  Gov. Committee","C",$0.00,$36177.29,$0.00,,0,,,,1/5/2018 15:23:30,1/5/2018 15:23:30
188176749,18032,17,"_","171","1209",5/9/2017 0:00:00,40268,"womenwinning State PAC","F",$0.00,$1000.00,$0.00,,0,,,,1/21/2018 11:08:42,1/21/2018 11:08:42
190527201,17685,17,"_","49","688",1/23/2017 0:00:00,20006,"DFL House Caucus","P",$0.00,$1000.00,$0.00,,0,,,,1/15/2018 16:31:40,1/15/2018 16:31:40
210508301,17011,17,"_","19","654",12/6/2017 0:00:00,20010,"HRCC","P",$0.00,$1500.00,$0.00,,0,,,,1/10/2018 16:53:45,1/10/2018 16:53:45
218403617,18127,17,"_","2827053666115",,3/1/2017 0:00:00,40268,"womenwinning","F",$0.00,$100.00,,"",0,,,,1/31/2018 21:58:14,1/31/2018 21:58:14
240750189,17466,17,"_",,,6/13/2017 0:00:00,17140,"Bakk (Thomas) for Senate","C",$0.00,$500.00,,,0,,,,9/11/2017 8:27:44,9/11/2017 8:27:44
247775252,17924,17,"_","246","622",11/27/2017 0:00:00,20003,"Minn DFL State Central Committee","P",$0.00,$250.00,$0.00,,0,,,,1/10/2018 8:50:50,1/10/2018 8:50:50
279307488,11899,17,"_","209","3093",1/4/2017 0:00:00,17924,"Klein, Matthew D Senate Dist. 52 Committee","C",$0.00,$100.00,$0.00,,0,,,,10/4/2017 8:20:05,10/4/2017 8:20:05
302195202,18127,17,"_","8110426664351",,9/29/2017 0:00:00,20003,"Minnesota DFL","P",$0.00,$100.00,,"",0,,,,1/31/2018 21:58:14,1/31/2018 21:58:14
322019330,17532,17,"_","123","863",1/2/2017 0:00:00,20006,"DFL House Caucus","P",$0.00,$1000.00,$0.00,,0,,,,1/24/2018 14:04:24,1/24/2018 14:04:24
336797332,17347,17,"_","280","619",3/24/2017 0:00:00,20011,"DFL Senate Caucus","P",$0.00,$100.00,$0.00,,0,,,,1/28/2018 23:04:47,1/28/2018 23:04:47
362338364,18023,17,"_","114","3103",8/15/2017 0:00:00,18156,"Klassen, Heather Leigh  House Dist. 23A Committee","C",$0.00,$604.06,$0.00,,0,,,,9/6/2017 8:12:27,9/6/2017 8:12:27
368342582,18125,17,"_","14413",,11/13/2017 0:00:00,20253,"8th Congressional District Democratic Farmer Labor Party","P",$0.00,$350.00,,"",0,,,,1/31/2018 13:57:02,1/31/2018 13:57:02
377639489,16950,17,"_","183","787",9/9/2017 0:00:00,20010,"HRCC","P",$0.00,$500.00,$0.00,,0,,,,1/21/2018 10:17:55,1/21/2018 10:17:55
395221797,17094,17,"_","27","3355",5/30/2017 0:00:00,20886,"52nd Senate District RPM","P",$0.00,$302.11,$0.00,,0,,,,6/1/2017 11:29:10,6/1/2017 11:29:10
441795243,17296,17,"_","20","6477",12/26/2017 0:00:00,18197,"Koenen, Lyle  House Dist. 17A Committee","C",$0.00,$1000.00,$0.00,,0,,,,1/30/2018 15:12:18,1/30/2018 15:12:18
442018223,18125,17,"_","14412",,9/11/2017 0:00:00,20502,"3rd Congressional District Democratic Farmer Labor Party","P",$0.00,$255.00,,"",0,,,,1/31/2018 13:57:02,1/31/2018 13:57:02
457798650,17466,17,"_",,,6/13/2017 0:00:00,20795,"37th Senate District DFL","P",$0.00,$400.00,,,0,,,,9/11/2017 8:29:00,9/11/2017 8:29:00
457965323,17466,17,"_",,,6/5/2017 0:00:00,20795,"37th Senate District DFL","P",$0.00,$1000.00,,,0,,,,9/11/2017 8:28:45,9/11/2017 8:28:45
470653336,18125,17,"_","14411",,6/11/2017 0:00:00,40268,"Women Winning","F",$0.00,$2500.00,,"",0,,,,1/31/2018 13:57:02,1/31/2018 13:57:02
495065265,17466,17,"_",,,8/3/2017 0:00:00,20006,"DFL House Caucus","P",$0.00,$969.00,,,0,,,,9/11/2017 8:28:30,9/11/2017 8:28:30
514341767,11899,17,"_","219","3641",2/3/2017 0:00:00,18065,"Schoen, Dan  Senate Dist. 54 Committee","C",$0.00,$250.00,$0.00,,0,,,,10/4/2017 8:20:05,10/4/2017 8:20:05
514893760,17852,17,"_","79","766",11/18/2017 0:00:00,20532,"6th Congressional District DFL","P",$0.00,$500.00,$0.00,,0,,,,1/28/2018 23:23:21,1/28/2018 23:23:21
517643602,17736,17,"_","3","113",8/24/2017 0:00:00,18169,"Chutich, Margaret  S. Ct. Judge Committee","C",$0.00,$842.98,$0.00,,0,,,,1/27/2018 17:18:38,1/27/2018 17:18:38
546015358,11899,17,"_","218","629",2/3/2017 0:00:00,20011,"DFL Senate Caucus","P",$0.00,$1000.00,$0.00,,0,,,,10/4/2017 8:20:05,10/4/2017 8:20:05
556849892,15220,17,"_","64","4514",12/31/2017 0:00:00,18154,"Hilstrom, Debra  Atty. Gen. Committee","C",$0.00,$400.00,$0.00,,0,,,,1/31/2018 8:44:40,1/31/2018 8:44:40
578177067,17885,17,"_","241","783",9/5/2017 0:00:00,20522," 2nd Congressional District DFL","P",$0.00,$100.00,$0.00,,0,,,,1/29/2018 13:12:35,1/29/2018 13:12:35
592853820,17907,17,"_","125","1283",11/15/2017 0:00:00,70026,"Take Action PAC","F",$0.00,$500.00,$0.00,,0,,,,1/27/2018 17:26:08,1/27/2018 17:26:08
597338553,17021,17,"_","37","829",9/11/2017 0:00:00,20008,"Republican Party of Minn","P",$0.00,$250.00,$0.00,,0,,,,1/28/2018 23:06:55,1/28/2018 23:06:55
626929706,18009,17,"_","56","967",10/31/2017 0:00:00,20848,"56th Senate District DFL","P",$0.00,$211.51,$0.00,,0,,,,11/15/2017 8:45:11,11/15/2017 8:45:11
627081149,17762,17,"_","41","661",9/10/2017 0:00:00,20010,"HRCC","P",$0.00,$1000.00,$0.00,,0,,,,1/30/2018 10:08:19,1/30/2018 10:08:19
653020251,17653,17,"_","1","651",7/25/2017 0:00:00,20003,"Minn DFL State Central Committee","P",$0.00,$1250.00,$0.00,,0,,,,1/30/2018 15:59:17,1/30/2018 15:59:17
666745433,18063,17,"_","52","3101",9/6/2017 0:00:00,18186,"Tomczak, Skeeter  House Dist.  6B Committee","C",$0.00,$400.00,$0.00,,0,,,,11/6/2017 13:43:18,11/6/2017 13:43:18
693897613,15823,17,"_","267","650",1/2/2017 0:00:00,20006,"DFL House Caucus","P",$0.00,$1000.00,$0.00,,0,,,,1/31/2018 22:47:31,1/31/2018 22:47:31
721411176,12790,17,"_","35","936",6/21/2017 0:00:00,20010,"HRCC","P",$0.00,$50.00,$0.00,,0,,,,1/31/2018 18:00:35,1/31/2018 18:00:35
725905576,17296,17,"_","18","743",12/5/2017 0:00:00,20006,"DFL House Caucus","P",$0.00,$4000.00,$0.00,,0,,,,1/30/2018 15:12:18,1/30/2018 15:12:18
738666142,17716,17,"_","170","632",9/18/2017 0:00:00,20010,"HRCC","P",$0.00,$1000.00,$0.00,,0,,,,1/29/2018 11:36:18,1/29/2018 11:36:18
738966004,16881,17,"_","140000000550330",,12/30/2017 0:00:00,,"Minnesota Democratic-Farmer-Labor Party Building Fund","O",$0.00,$4047.51,,"",0,,,,1/30/2018 13:00:42,1/30/2018 13:00:42
747330395,18125,17,"_","14414",,7/11/2017 0:00:00,20003,"Minnesota DFL","P",$0.00,$100.00,,"",0,,,,1/31/2018 13:57:02,1/31/2018 13:57:02
755864782,15220,17,"_","51","765",8/10/2017 0:00:00,20003,"Minn DFL State Central Committee","P",$0.00,$1250.00,$0.00,,0,,,,1/31/2018 8:44:40,1/31/2018 8:44:40
838281895,17310,17,"_","524","860",4/26/2017 0:00:00,20011,"DFL Senate Caucus","P",$0.00,$500.00,$0.00,,0,,,,1/31/2018 12:50:11,1/31/2018 12:50:11
845729614,17400,17,"_",,,3/9/2017 0:00:00,20858,"42nd Senate District DFL","P",$0.00,$800.00,,,0,,,,10/20/2017 9:40:38,10/20/2017 9:40:38
849753379,15667,17,"_","52","8081",10/26/2017 0:00:00,41162,"Planned Parenthood Minnesota PAC","F",$0.00,$1000.00,$0.00,,0,,,,1/21/2018 11:07:37,1/21/2018 11:07:37
864642399,16324,17,"_","240","8341",12/28/2017 0:00:00,18125,"Murphy, Erin  Gov. Committee","C",$0.00,$1108.34,$0.00,,0,,,,1/31/2018 21:35:34,1/31/2018 21:35:34
869594846,15667,17,"_","53","1419",11/13/2017 0:00:00,70033,"OutFront Minnesota Action","F",$0.00,$500.00,$0.00,,0,,,,1/21/2018 11:07:37,1/21/2018 11:07:37
872100892,12790,17,"_","1","936",1/2/2017 0:00:00,20010,"HRCC","P",$0.00,$50.00,$0.00,,0,,,,1/31/2018 18:00:35,1/31/2018 18:00:35
877475244,17885,17,"_","195","783",5/6/2017 0:00:00,20522," 2nd Congressional District DFL","P",$0.00,$50.00,$0.00,,0,,,,1/29/2018 13:12:35,1/29/2018 13:12:35
921721497,11899,17,"_","201","562",1/2/2017 0:00:00,15317,"Tomassoni, David J Senate Dist.  6 Committee","C",$0.00,$200.00,$0.00,,0,,,,10/4/2017 8:20:05,10/4/2017 8:20:05
971689639,17302,17,"_",,,1/11/2017 0:00:00,20816,"33rd Senate District DFL","P",$0.00,$596.20,,,0,,,,1/11/2018 12:27:32,1/11/2018 12:27:32
983655899,11899,17,"_","221","798",2/3/2017 0:00:00,20454,"52nd Senate District DFL","P",$0.00,$250.00,$0.00,,0,,,,10/4/2017 8:20:05,10/4/2017 8:20:05
984668884,18127,17,"_","5860458612442",,6/6/2017 0:00:00,40268,"womenwinning","F",$0.00,$2500.00,,"",0,,,,1/31/2018 21:58:14,1/31/2018 21:58:14
998526148,15521,17,"_","20","809",6/17/2017 0:00:00,20274,"13th Senate District RPM","P",$0.00,$250.00,$0.00,,0,,,,1/30/2018 20:29:26,1/30/2018 20:29:26
1007244604,11899,17,"_","200","528",1/2/2017 0:00:00,15675,"Sparks, Daniel  Senate Dist. 27 Committee","C",$0.00,$200.00,$0.00,,0,,,,10/4/2017 8:20:05,10/4/2017 8:20:05
1009158926,16438,17,"_","15","5376",10/13/2017 0:00:00,18128,"Otto, Rebecca  Gov. Committee","C",$0.00,$363.89,$0.00,,0,,,,12/29/2017 15:17:23,12/29/2017 15:17:23
1031288486,15823,17,"_","271","1335",1/6/2017 0:00:00,70026,"Take Action PAC","F",$0.00,$1000.00,$0.00,,0,,,,1/31/2018 22:47:31,1/31/2018 22:47:31
1032826363,16623,17,"_","11","662",11/17/2017 0:00:00,20008,"Republican Party of Minn","P",$0.00,$500.00,$0.00,,0,,,,1/17/2018 14:13:43,1/17/2018 14:13:43
1034069417,17347,17,"_","251","619",5/16/2017 0:00:00,20011,"DFL Senate Caucus","P",$0.00,$1000.00,$0.00,,0,,,,1/28/2018 23:04:47,1/28/2018 23:04:47
1041161190,16332,17,"_","52","855",7/17/2017 0:00:00,20417,"19th Senate District DFL","P",$0.00,$3000.00,$0.00,,0,,,,8/3/2017 8:48:42,8/3/2017 8:48:42
1089499208,15220,17,"_","56","4514",8/25/2017 0:00:00,18154,"Hilstrom, Debra  Atty. Gen. Committee","C",$0.00,$14000.00,$0.00,,0,,,,1/31/2018 8:44:40,1/31/2018 8:44:40
1126504176,16907,17,"_","10","868",12/13/2017 0:00:00,20013,"Senate Victory Fund","P",$0.00,$500.00,$0.00,,0,,,,1/18/2018 8:53:03,1/18/2018 8:53:03
1180078036,16931,17,"_","117","741",8/17/2017 0:00:00,20008,"Republican Party of Minn","P",$0.00,$250.00,$0.00,,0,,,,1/15/2018 16:26:33,1/15/2018 16:26:33
1225952940,17124,17,"_","2098","822",12/31/2017 0:00:00,20010,"HRCC","P",$0.00,$5000.00,$0.00,,0,,,,1/31/2018 21:45:27,1/31/2018 21:45:27
1277000896,17443,17,"_","192","800",4/28/2017 0:00:00,20011,"DFL Senate Caucus","P",$0.00,$500.00,$0.00,,0,,,,1/30/2018 20:20:45,1/30/2018 20:20:45
1300419644,17800,17,"_","159","903",5/31/2017 0:00:00,20520,"59th Senate District RPM","P",$0.00,$382.14,$0.00,,0,,,,6/5/2017 17:04:14,6/5/2017 17:04:14
1355836703,11899,17,"_","252","629",8/18/2017 0:00:00,20011,"DFL Senate Caucus","P",$0.00,$1000.00,$0.00,,0,,,,10/4/2017 8:20:05,10/4/2017 8:20:05
1360212238,15521,17,"_","17","693",4/11/2017 0:00:00,20008,"Republican Party of Minn","P",$0.00,$40.00,$0.00,,0,,,,1/30/2018 20:29:26,1/30/2018 20:29:26
1366534804,18127,17,"_","9569055438040",,12/12/2017 0:00:00,20003,"Minnesota DFL","P",$0.00,$1000.00,,"",0,,,,1/31/2018 21:58:14,1/31/2018 21:58:14
1383170026,17129,17,"_","21","764",12/29/2017 0:00:00,20010,"HRCC","P",$0.00,$2500.00,$0.00,,0,,,,1/26/2018 17:46:32,1/26/2018 17:46:32
1406332362,17425,17,"_",,,5/30/2017 0:00:00,17990,"Steve Cwodzinski for State Senate","C",$0.00,$250.00,,,0,,,,8/1/2017 14:24:12,8/1/2017 14:24:12
1427273777,16332,17,"_","71","5611",7/28/2017 0:00:00,17633,"Johnson, Clark P House Dist. 19A Committee","C",$0.00,$500.00,$0.00,,0,,,,8/3/2017 8:48:42,8/3/2017 8:48:42
1442892141,11899,17,"_","234","3093",6/21/2017 0:00:00,17924,"Klein, Matthew D Senate Dist. 52 Committee","C",$0.00,$500.00,$0.00,,0,,,,10/4/2017 8:20:05,10/4/2017 8:20:05
1495803819,16332,17,"_","72","6082",7/28/2017 0:00:00,17777,"Considine, Jack (John)  House Dist. 19B Committee","C",$0.00,$500.00,$0.00,,0,,,,8/3/2017 8:48:42,8/3/2017 8:48:42
1522834078,11899,17,"_","259","798",8/18/2017 0:00:00,20454,"52nd Senate District DFL","P",$0.00,$1000.00,$0.00,,0,,,,10/4/2017 8:20:05,10/4/2017 8:20:05
1545660752,12790,17,"_","46","936",12/26/2017 0:00:00,20010,"HRCC","P",$0.00,$1000.00,$0.00,,0,,,,1/31/2018 18:00:35,1/31/2018 18:00:35
1553765743,11899,17,"_","225","528",4/28/2017 0:00:00,15675,"Sparks, Daniel  Senate Dist. 27 Committee","C",$0.00,$500.00,$0.00,,0,,,,10/4/2017 8:20:05,10/4/2017 8:20:05
1558592205,17947,17,"_","69","943",12/1/2017 0:00:00,20818,"18th Senate District DFL","P",$0.00,$1217.84,$0.00,,0,,,,1/5/2018 14:52:14,1/5/2018 14:52:14
1580380792,17011,17,"_","1","654",1/2/2017 0:00:00,20010,"HRCC","P",$0.00,$50.00,$0.00,,0,,,,1/10/2018 16:53:45,1/10/2018 16:53:45
1585855690,17633,17,"_","14","625",1/23/2017 0:00:00,20006,"DFL House Caucus","P",$0.00,$1000.00,$0.00,,0,,,,1/24/2018 16:37:51,1/24/2018 16:37:51
1590797184,17671,17,"_",,,10/26/2017 0:00:00,18142,"Matt Dean for Governor","C",$0.00,$1414.00,,,0,,,,1/12/2018 14:26:35,1/12/2018 14:26:35
1600764254,16189,17,"_","281","861",1/2/2017 0:00:00,20006,"DFL House Caucus","P",$0.00,$1000.00,$0.00,,0,,,,1/31/2018 17:46:32,1/31/2018 17:46:32
1614095429,18028,17,"_","8","289",9/26/2017 0:00:00,17641,"Johnson, Jeff R Gov. Committee","C",$0.00,$975.00,$0.00,,0,,,,9/29/2017 15:01:34,9/29/2017 15:01:34
1632754166,16680,17,"_","109","741",9/30/2017 0:00:00,20010,"HRCC","P",$0.00,$2500.00,$0.00,,0,,,,1/31/2018 12:42:30,1/31/2018 12:42:30
1666582270,16324,17,"_","241","8341",10/1/2017 0:00:00,18125,"Murphy, Erin  Gov. Committee","C",$0.00,$2500.00,$0.00,,0,,,,1/31/2018 21:35:34,1/31/2018 21:35:34
1692044988,15521,17,"_","19","693",6/9/2017 0:00:00,20008,"Republican Party of Minn","P",$0.00,$2500.00,$0.00,,0,,,,1/30/2018 20:29:26,1/30/2018 20:29:26
1714216300,11829,17,"_","4","1536",4/6/2017 0:00:00,20011,"DFL Senate Caucus","P",$0.00,$500.00,$0.00,,0,,,,1/31/2018 22:35:47,1/31/2018 22:35:47
1720189635,16891,17,"_","218","1018",10/2/2017 0:00:00,20158,"Winona County RPM","P",$0.00,$0.00,$493.58,,0,,,,1/27/2018 17:38:49,1/27/2018 17:38:49
1740542510,13320,17,"_","162","850",10/16/2017 0:00:00,20010,"HRCC","P",$0.00,$1000.00,$0.00,,0,,,,1/22/2018 15:42:56,1/22/2018 15:42:56
1757553544,17466,17,"_",,,6/5/2017 0:00:00,18020,"Erin (Koegel) for Minnesota","C",$0.00,$1000.00,,,0,,,,9/11/2017 8:27:32,9/11/2017 8:27:32
1783846492,17296,17,"_","22","6159",11/29/2017 0:00:00,18124,"Winkler, Ryan  Atty. Gen. Committee","C",$0.00,$1000.00,$0.00,,0,,,,1/30/2018 15:12:18,1/30/2018 15:12:18
1800400824,15677,17,"_","374","687",1/2/2017 0:00:00,20006,"DFL House Caucus","P",$0.00,$1000.00,$0.00,,0,,,,1/31/2018 7:11:45,1/31/2018 7:11:45
1826043520,17296,17,"_","25","6368",12/4/2017 0:00:00,18168,"Wolgamott, Dan  House Dist. 14B Committee","C",$0.00,$250.00,$0.00,,0,,,,1/30/2018 15:12:18,1/30/2018 15:12:18
1858059081,15521,17,"_","34","693",6/8/2017 0:00:00,20008,"Republican Party of Minn","P",$0.00,$100.00,$0.00,,0,,,,1/30/2018 20:29:26,1/30/2018 20:29:26
1870276910,17398,17,"_","548","723",12/31/2017 0:00:00,20010,"HRCC","P",$0.00,$2500.00,$0.00,,0,,,,1/15/2018 16:29:43,1/15/2018 16:29:43
1885573277,17885,17,"_","272","594",11/17/2017 0:00:00,20003,"Minn DFL State Central Committee","P",$0.00,$285.00,$0.00,,0,,,,1/29/2018 13:12:35,1/29/2018 13:12:35
1904267177,17926,17,"_","45","796",9/18/2017 0:00:00,20767,"36th Senate District RPM","P",$0.00,$1050.00,$0.00,,0,,,,10/13/2017 9:55:35,10/13/2017 9:55:35
1916374739,17373,17,"_","100","700",10/2/2017 0:00:00,20008,"Republican Party of Minn","P",$0.00,$250.00,$0.00,,0,,,,1/23/2018 14:59:56,1/23/2018 14:59:56
1938373290,17782,17,"_","26","655",9/12/2017 0:00:00,20010,"HRCC","P",$0.00,$500.00,$0.00,,0,,,,2/1/2018 6:13:59,2/1/2018 6:13:59
1966970677,17700,17,"_","660","631",9/11/2017 0:00:00,20010,"HRCC","P",$0.00,$2500.00,$0.00,,0,,,,1/28/2018 15:01:22,1/28/2018 15:01:22
1967370204,17777,17,"_","7","1066",3/13/2017 0:00:00,20417,"19th Senate District DFL","P",$0.00,$1000.00,$0.00,,0,,,,1/31/2018 17:43:26,1/31/2018 17:43:26
1973558788,15667,17,"_","28","930",2/10/2017 0:00:00,20397," 5th Congressional District DFL","P",$0.00,$250.00,$0.00,,0,,,,1/21/2018 11:07:37,1/21/2018 11:07:37
1985197874,16986,17,"_","98","928",9/8/2017 0:00:00,20010,"HRCC","P",$0.00,$2500.00,$0.00,,0,,,,1/30/2018 20:54:25,1/30/2018 20:54:25
1987177716,17942,17,"_","98","1231",10/1/2017 0:00:00,70026,"Take Action PAC","F",$0.00,$1000.00,$0.00,,0,,,,1/15/2018 16:22:11,1/15/2018 16:22:11
1998205128,17907,17,"_","90","617",1/13/2017 0:00:00,20006,"DFL House Caucus","P",$0.00,$1000.00,$0.00,,0,,,,1/27/2018 17:26:08,1/27/2018 17:26:08
2000265853,17354,17,"_","75","860",12/21/2017 0:00:00,20010,"HRCC","P",$0.00,$5000.00,$0.00,,0,,,,1/29/2018 13:25:47,1/29/2018 13:25:47
2016011294,17520,17,"_","110","807",12/5/2017 0:00:00,20013,"Senate Victory Fund","P",$0.00,$3000.00,$0.00,,0,,,,1/30/2018 7:57:17,1/30/2018 7:57:17
2025609414,17376,17,"_","11","992",11/2/2017 0:00:00,20253," 8th Congressional District DFL","P",$0.00,$1000.00,$0.00,,0,,,,1/21/2018 10:59:18,1/21/2018 10:59:18
2025757437,11899,17,"_","228","219",4/28/2017 0:00:00,16189,"Hansen, Richard (Rick) J House Dist. 52A Committee","C",$0.00,$500.00,$0.00,,0,,,,10/4/2017 8:20:05,10/4/2017 8:20:05
2027764672,17425,17,"_",,,5/30/2017 0:00:00,20006,"DFL House Caucus","P",$0.00,$500.00,,,0,,,,8/1/2017 14:24:38,8/1/2017 14:24:38
2059423333,17989,17,"_","2","749",7/11/2017 0:00:00,20411,"44th Senate District RPM","P",$0.00,$250.00,$0.00,,0,,,,1/12/2018 16:47:28,1/12/2018 16:47:28
2066071411,17990,17,"_","32","671",2/3/2017 0:00:00,20003,"Minn DFL State Central Committee","P",$0.00,$100.00,$0.00,,0,,,,1/26/2018 18:18:21,1/26/2018 18:18:21
2096434568,17400,17,"_",,,6/26/2017 0:00:00,17940,"Becker-Finn (Jamie) for 42B","C",$0.00,$990.44,,,0,,,,10/20/2017 9:40:17,10/20/2017 9:40:17
