"PrimaryRecID","CandRegNumb","LoanDate","LoanID","LastUpdate","PayOrRec","LendType","LendRegNumb","LendBorrow","OrigAmt","Balance","FinInst","Forgiven","ElectionTypeKey","Date_Entered","Last_Updated"
-2141195805,17512,2/7/2014 0:00:00,,2/13/2015 14:57:00,"P","S",,"Metsa, Jason",$300.00,$0.00,0,0,"_",2/13/2015 15:00:00,2/13/2015 15:00:00
-2123762602,17838,7/30/2014 0:00:00,,2/12/2015 15:09:00,"P","I",,"Cahill, Helen",$2000.00,$999.00,0,1,"_",2/12/2015 15:10:00,2/12/2015 15:10:00
-2115732131,16207,8/9/2004 0:00:00,"1",1/30/2018 15:57:00,"P","S",,"Burke, Susan N.",$20500.00,$20500.00,0,0,"_",1/12/2015 15:05:00,1/12/2015 15:05:00
-2112565761,17782,1/5/2017 0:00:00,"10",2/1/2018 6:14:00,"P","S",,"Heintzeman, Joshua",$929.53,$929.53,0,0,"_",2/1/2018 6:14:00,2/1/2018 6:14:00
-2090835350,17778,10/22/2014 0:00:00,"5",1/26/2015 12:19:00,"P","S",,"Benson, Beverly J (Bev)",$5000.00,$5000.00,0,1,"_",1/26/2015 12:19:00,1/26/2015 12:19:00
-2087811912,17949,6/13/2016 0:00:00,,4/3/2017 13:52:00,"P","S",,"Podgorski, Todd",$1700.00,$1400.00,0,1,"_",4/3/2017 13:55:00,4/3/2017 13:55:00
-2086963661,17607,9/6/2012 0:00:00,"1",1/30/2017 18:29:00,"P","S",,"Larson, Scott",$501.23,$325.92,0,0,"_",1/2/2015 15:57:00,1/2/2015 15:57:00
-2053492609,17905,12/2/2016 0:00:00,"2",1/26/2018 17:48:00,"P","S",,"Sina, Candice(Candy) M",$600.00,$600.00,0,0,"_",1/29/2017 12:13:00,1/29/2017 12:13:00
-2049382909,15123,7/23/2012 0:00:00,,3/5/2015 16:14:00,"P","S",,"Nienow, Sean",$4650.00,$0.00,0,0,"_",3/5/2015 16:17:00,3/5/2015 16:17:00
-2032169613,17782,6/26/2017 0:00:00,"8",2/1/2018 6:14:00,"P","S",,"Heintzeman, Joshua",$200.00,$200.00,0,0,"_",2/1/2018 6:14:00,2/1/2018 6:14:00
-2017851224,17690,1/1/2014 0:00:00,"2",1/12/2015 14:55:00,"P","S",,"Krug, Linda",$2000.00,$845.28,0,1,"_",1/12/2015 14:55:00,1/12/2015 14:55:00
-2012668514,17869,8/2/2015 0:00:00,"6",1/31/2018 21:31:00,"P","S",,"Goggin, Michael P",$30.00,$30.00,0,0,"_",1/31/2016 23:23:00,1/31/2016 23:23:00
-2005438429,17825,6/14/2014 0:00:00,,2/13/2015 10:06:00,"P","S",,"Dawson, Amy",$3665.19,$0.00,0,0,"_",2/13/2015 10:08:00,2/13/2015 10:08:00
-2000541110,18072,5/24/2016 0:00:00,"1",1/16/2018 16:36:00,"P","S",,"Wilder, Anthony",$950.00,$950.00,0,0,"_",7/25/2016 23:58:00,7/25/2016 23:58:00
-1995265032,13404,12/24/2015 0:00:00,,2/12/2016 11:39:00,"P","S",,"Fischbach, Michelle",$5000.00,$5000.00,0,0,"_",2/12/2016 11:40:00,2/12/2016 11:40:00
-1953044077,18213,12/12/2017 0:00:00,"2",1/29/2018 20:42:00,"P","S",,"Gagnon, Rebecca",$380.00,$380.00,0,0,"_",1/29/2018 20:42:00,1/29/2018 20:42:00
-1950087859,17640,3/31/2014 0:00:00,"3",2/1/2016 21:31:00,"P","S",,"Honour, Scott",$50000.00,$50000.00,0,0,"_",2/2/2015 17:15:00,2/2/2015 17:15:00
-1925559354,16870,12/28/2009 0:00:00,"1173",1/31/2018 22:57:00,"P","I",,"Thissen, Paul C.",$15000.00,$15000.00,0,0,"_",1/31/2018 22:57:00,1/31/2018 22:57:00
-1918664628,17763,12/31/2014 0:00:00,,3/5/2015 9:27:00,"P","S",,"Anderson, Merrill",$18768.50,$18768.50,0,0,"_",3/5/2015 9:30:00,3/5/2015 9:30:00
-1916586278,16525,1/26/2007 0:00:00,"8",1/31/2018 14:23:00,"P","S",,"Ostby, Elena L",$5000.00,$5000.00,0,0,"_",1/26/2015 12:28:00,1/26/2015 12:28:00
-1880496495,17806,10/20/2014 0:00:00,"2",1/31/2018 22:51:00,"P","S",,"Loonan, Robert J",$2000.00,$2000.00,0,0,"_",2/2/2015 9:20:00,2/2/2015 9:20:00
-1874627320,13481,10/2/1996 0:00:00,,2/13/2015 15:48:00,"P","S",,"Mullery, Joe",$3000.00,$3000.00,0,0,"_",2/13/2015 15:50:00,2/13/2015 15:50:00
-1869952393,15487,8/31/2017 0:00:00,"5",1/31/2018 22:43:00,"P","S",,"Lesch, John",$5000.00,$5000.00,0,0,"_",1/31/2018 22:43:00,1/31/2018 22:43:00
-1848192416,17328,12/30/2013 0:00:00,,2/12/2015 9:32:00,"P","S",,"Schmit, Matt",$5000.00,$5000.00,0,0,"_",2/12/2015 9:33:00,2/12/2015 9:33:00
-1847115845,17715,8/15/2014 0:00:00,,1/21/2015 15:54:00,"P","S",,"Frey, Bob",$9000.00,$0.00,0,0,"_",1/21/2015 15:55:00,1/21/2015 15:55:00
-1827451974,16870,12/29/2009 0:00:00,,2/21/2017 16:13:00,"P","S",,"Thissen, Paul",$10795.00,$7070.00,0,0,"_",2/21/2017 16:13:00,2/21/2017 16:13:00
-1819105944,17176,10/12/2010 0:00:00,"8",1/31/2017 16:10:00,"P","S",,"Biros, Tim",$481.50,$481.50,0,0,"_",1/21/2015 12:29:00,1/21/2015 12:29:00
-1798311874,17825,10/24/2014 0:00:00,,4/10/2015 12:02:00,"P","S",,"Dawson, Amy",$500.00,$500.00,0,0,"_",4/10/2015 12:04:00,4/10/2015 12:04:00
-1793463587,17176,7/1/2010 0:00:00,"3",1/31/2017 16:10:00,"P","S",,"Biros, Tim",$1000.00,$1000.00,0,0,"_",1/21/2015 12:29:00,1/21/2015 12:29:00
-1792894340,13481,12/26/2007 0:00:00,,2/13/2015 15:50:00,"P","S",,"Mullery, Joe",$4950.00,$4950.00,0,0,"_",2/13/2015 15:52:00,2/13/2015 15:52:00
-1788666286,17592,10/29/2012 0:00:00,"6",2/3/2015 15:24:00,"P","S",,"Pickering, Keith A.",$250.00,$250.00,0,0,"_",2/1/2015 16:46:00,2/1/2015 16:46:00
-1768969811,17913,7/11/2016 0:00:00,"3",7/24/2017 10:52:00,"P","S",,"Campbell, Cory",$4880.00,$0.00,0,0,"_",1/5/2017 13:31:00,1/5/2017 13:31:00
-1765075387,17838,11/10/2014 0:00:00,,2/12/2015 15:08:00,"P","S",,"Cahill, Steven",$1500.00,$1500.00,0,1,"_",2/12/2015 15:09:00,2/12/2015 15:09:00
-1754916782,17781,6/2/2014 0:00:00,,2/17/2015 15:17:00,"P","S",,"Price, Thomas Keith",$100.00,$0.00,0,0,"_",2/17/2015 15:18:00,2/17/2015 15:18:00
-1750745514,17644,10/9/2015 0:00:00,"15",1/30/2018 16:12:00,"P","O",,"Thompson, David",$2000.00,$2000.00,0,0,"_",1/29/2017 12:20:00,1/29/2017 12:20:00
-1750382605,17869,8/10/2015 0:00:00,"1",1/31/2018 21:31:00,"P","S",,"Goggin, Michael P",$2000.00,$2000.00,0,0,"_",1/31/2016 23:23:00,1/31/2016 23:23:00
-1733037733,17438,7/21/2014 0:00:00,"3",1/27/2018 17:53:00,"P","S",,"Ward, JoAnn",$2500.00,$2500.00,0,0,"_",1/30/2015 10:50:00,1/30/2015 10:50:00
-1719830038,15777,11/1/2016 0:00:00,"1",1/10/2018 16:37:00,"P","S",,"Skoe, Rod",$1000.00,$1000.00,0,0,"_",1/8/2017 21:11:00,1/8/2017 21:11:00
-1710017503,18080,6/6/2016 0:00:00,"1",1/30/2017 16:50:00,"P","S",,"Craig, Dave",$500.00,$0.00,0,0,"_",7/25/2016 20:51:00,7/25/2016 20:51:00
-1694165057,17869,7/14/2015 0:00:00,"3",1/31/2018 21:31:00,"P","S",,"Goggin, Michael P",$93.72,$93.72,0,0,"_",1/31/2016 23:23:00,1/31/2016 23:23:00
-1678847044,17949,7/23/2016 0:00:00,,4/3/2017 13:54:00,"P","S",,"Podgorski, Todd",$490.00,$490.00,0,1,"_",4/3/2017 13:55:00,4/3/2017 13:55:00
-1638782962,16870,6/14/2017 0:00:00,"987",1/31/2018 22:57:00,"P","I",,"Thissen, Paul C.",$5000.00,$5000.00,0,0,"_",1/31/2018 22:57:00,1/31/2018 22:57:00
-1638496730,16870,12/31/2009 0:00:00,"1174",1/31/2018 22:57:00,"P","I",,"Thissen, Paul C.",$5000.00,$5000.00,0,0,"_",1/31/2018 22:57:00,1/31/2018 22:57:00
-1617607848,17781,6/5/2014 0:00:00,,2/17/2015 15:17:00,"P","S",,"Price, Thomas Keith",$30.74,$0.00,0,0,"_",2/17/2015 15:19:00,2/17/2015 15:19:00
-1604368884,15123,8/25/2002 0:00:00,,3/5/2015 15:55:00,"P","S",,"Nienow, Sean",$4950.00,$0.00,0,0,"_",3/5/2015 15:56:00,3/5/2015 15:56:00
-1599130937,17640,5/19/2014 0:00:00,"4",2/1/2016 21:31:00,"P","S",,"Honour, Scott",$250000.00,$250000.00,0,0,"_",2/2/2015 17:15:00,2/2/2015 17:15:00
-1585349081,17322,12/31/2011 0:00:00,"1",2/12/2016 13:39:00,"P","S",,"Metzger, Ann Marie",$3880.33,$3880.33,0,0,"_",1/29/2015 14:18:00,1/29/2015 14:18:00
-1584835828,17838,10/20/2014 0:00:00,,2/12/2015 15:07:00,"P","S",,"Cahill, Steven",$4500.00,$4500.00,0,1,"_",2/12/2015 15:09:00,2/12/2015 15:09:00
-1575217582,16525,8/21/2006 0:00:00,"1",1/31/2018 14:23:00,"P","S",,"Ostby, Elena L",$6160.00,$6160.00,0,0,"_",1/26/2015 12:28:00,1/26/2015 12:28:00
-1564137502,17781,7/3/2014 0:00:00,,2/17/2015 15:19:00,"P","S",,"Price, Thomas Keith",$11.94,$0.00,0,0,"_",2/17/2015 15:21:00,2/17/2015 15:21:00
-1558764938,18106,7/8/2016 0:00:00,"11",12/26/2017 9:27:00,"P","S",,"Sturino, Carmaine",$116.50,$116.50,0,0,"_",8/12/2016 8:45:00,8/12/2016 8:45:00
-1538006527,17252,8/7/2010 0:00:00,"1",1/5/2017 13:29:00,"P","S",,"Stauber, Larry",$1000.00,$33.89,0,0,"_",1/29/2015 8:57:00,1/29/2015 8:57:00
-1536166011,17720,10/22/2014 0:00:00,"2",1/29/2018 12:42:00,"P","S",,"Koznick, Jon",$2000.00,$2000.00,0,0,"_",1/30/2015 10:48:00,1/30/2015 10:48:00
-1530836251,18106,11/2/2016 0:00:00,"18",12/26/2017 9:27:00,"P","S",,"Sturino, Carmaine",$230.00,$230.00,0,0,"_",1/30/2017 17:08:00,1/30/2017 17:08:00
-1525509068,17635,7/25/2016 0:00:00,"7",1/26/2018 18:01:00,"P","I",,"Theis, Tama L",$2250.00,$2250.00,0,0,"_",11/1/2016 2:05:00,11/1/2016 2:05:00
-1474103143,17778,5/14/2014 0:00:00,"1",1/26/2015 12:19:00,"P","S",,"Benson, Beverly J (Bev)",$3000.00,$751.17,0,1,"_",1/26/2015 12:19:00,1/26/2015 12:19:00
-1459937084,17778,10/31/2014 0:00:00,"4",1/26/2015 12:19:00,"P","S",,"Benson, Beverly J (Bev)",$3800.00,$3800.00,0,1,"_",1/26/2015 12:19:00,1/26/2015 12:19:00
-1440234601,17443,10/15/2012 0:00:00,"1",1/30/2018 20:21:00,"P","S",,"Kent, Susan",$2000.00,$2000.00,0,0,"_",3/24/2015 10:20:00,3/24/2015 10:20:00
-1425274846,17778,10/20/2014 0:00:00,"3",1/26/2015 12:19:00,"P","S",,"Benson, Beverly J (Bev)",$4200.00,$4200.00,0,1,"_",1/26/2015 12:19:00,1/26/2015 12:19:00
-1424504365,17176,10/25/2010 0:00:00,"7",1/31/2017 16:10:00,"P","S",,"Biros, Tim",$1000.00,$1000.00,0,0,"_",1/21/2015 12:29:00,1/21/2015 12:29:00
-1410237197,16870,12/20/2017 0:00:00,"990",1/31/2018 22:57:00,"P","I",,"Thissen, Paul C.",$15000.00,$15000.00,0,0,"_",1/31/2018 22:57:00,1/31/2018 22:57:00
-1395934676,17945,10/11/2016 0:00:00,"3",3/24/2017 11:59:00,"P","O",,"Robert Farnsworth",$1500.00,$1269.12,0,0,"_",3/24/2017 11:59:00,3/24/2017 11:59:00
-1384142909,17644,3/30/2016 0:00:00,"12",1/30/2018 16:12:00,"P","O",,"Thompson, David",$4000.00,$4000.00,0,0,"_",1/29/2017 12:20:00,1/29/2017 12:20:00
-1380836458,17438,7/2/2012 0:00:00,"1",1/27/2018 17:53:00,"P","S",,"Ward, JoAnn",$4750.00,$4750.00,0,0,"_",1/30/2015 10:50:00,1/30/2015 10:50:00
-1379379408,17313,7/21/2014 0:00:00,"11",2/7/2017 7:47:00,"P","S",,"Smith, Dennis J",$15000.00,$12000.00,0,0,"_",1/29/2015 14:16:00,1/29/2015 14:16:00
-1378241925,17607,10/18/2012 0:00:00,"6",1/30/2017 18:29:00,"P","S",,"Larson, Scott",$1237.50,$1237.50,0,0,"_",1/2/2015 15:57:00,1/2/2015 15:57:00
-1375613853,17985,12/29/2017 0:00:00,"5",1/29/2018 13:30:00,"P","S",,"Poston, John",$3000.00,$3000.00,0,0,"_",1/29/2018 13:30:00,1/29/2018 13:30:00
-1359506548,18172,4/13/2017 0:00:00,"6",1/30/2018 14:10:00,"P","S",,"Johnson, Lance J",$2500.00,$2500.00,0,0,"_",1/30/2018 14:10:00,1/30/2018 14:10:00
-1340588940,13481,12/26/1999 0:00:00,,2/13/2015 15:50:00,"P","S",,"Mullery, Joe",$4965.00,$4965.00,0,0,"_",2/13/2015 15:51:00,2/13/2015 15:51:00
-1335227332,17934,1/20/2016 0:00:00,"1",10/7/2016 15:11:00,"P","S",,"Whitcomb, Dan",$500.00,$0.00,0,0,"_",4/11/2016 9:46:00,4/11/2016 9:46:00
-1334317209,17825,10/31/2014 0:00:00,,2/13/2015 10:07:00,"P","S",,"Dawson, Amy",$347.48,$347.48,0,0,"_",2/13/2015 10:08:00,2/13/2015 10:08:00
-1321579507,17775,5/20/2014 0:00:00,"1",1/30/2015 10:47:00,"P","S",,"Kihne, Sheila",$1000.00,$0.00,0,0,"_",1/30/2015 10:46:00,1/30/2015 10:46:00
-1315064051,16319,12/15/2009 0:00:00,"2",1/31/2018 10:51:00,"P","I",,"Scherer, Irma",$3000.00,$3000.00,0,0,"_",1/31/2018 10:51:00,1/31/2018 10:51:00
-1311646558,17772,3/30/2014 0:00:00,"5",2/3/2015 17:23:00,"P","S",,"Dean, Patrick",$400.00,$400.00,0,1,"_",2/2/2015 11:34:00,2/2/2015 11:34:00
-1306236892,16437,1/1/2013 0:00:00,"1",10/30/2015 10:10:00,"P","S",,"Tschumper, Ken",$11615.48,$11209.10,0,0,"_",1/29/2015 14:07:00,1/29/2015 14:07:00
-1302706564,17313,12/29/2011 0:00:00,"8",2/7/2017 7:47:00,"P","S",,"Smith, Dennis J",$5000.00,$0.00,0,0,"_",1/29/2015 14:16:00,1/29/2015 14:16:00
-1294727596,17723,3/15/2014 0:00:00,"1",1/29/2017 12:29:00,"P","I",,"Witt, Susan",$5000.00,$5000.00,0,0,"_",1/27/2015 10:46:00,1/27/2015 10:46:00
-1291869981,17176,5/23/2010 0:00:00,"4",1/31/2017 16:10:00,"P","S",,"Biros, Tim",$38.16,$38.16,0,0,"_",1/21/2015 12:29:00,1/21/2015 12:29:00
-1286334412,17910,11/20/2015 0:00:00,"3",1/31/2018 16:11:00,"P","S",,"Draheim, Rich",$400.00,$400.00,0,0,"_",2/1/2016 20:56:00,2/1/2016 20:56:00
-1270886986,17968,2/12/2016 0:00:00,"1",1/28/2018 15:08:00,"P","S",,"West, Nolan M",$825.00,$825.00,0,0,"_",7/26/2016 7:48:00,7/26/2016 7:48:00
-1267614886,17607,10/5/2012 0:00:00,"4",1/30/2017 18:29:00,"P","S",,"Larson, Scott",$1237.50,$1237.50,0,0,"_",1/2/2015 15:57:00,1/2/2015 15:57:00
-1266777574,17644,6/24/2014 0:00:00,"19",1/30/2018 16:12:00,"P","S",,"Thompson, David A",$2000.00,$2000.00,0,0,"_",1/30/2018 16:12:00,1/30/2018 16:12:00
-1263633887,15621,4/2/2015 0:00:00,,2/18/2016 9:46:00,"P","S",,"Thissen, Paul",$850.00,$0.00,0,0,"_",2/18/2016 9:47:00,2/18/2016 9:47:00
-1243136853,17690,1/24/2014 0:00:00,"3",1/12/2015 14:55:00,"P","S",,"Krug, Linda",$2000.00,$0.00,0,0,"_",1/12/2015 14:55:00,1/12/2015 14:55:00
-1228234572,16760,12/31/2010 0:00:00,,8/11/2015 11:47:00,"P","S",,"Longrie, Diana",$100.00,$100.00,0,0,"_",8/11/2015 11:55:00,8/11/2015 11:55:00
-1218234193,17821,8/1/2014 0:00:00,"2",1/21/2015 12:25:00,"P","S",,"Hagerty, Brian C",$10000.00,$2348.65,0,0,"_",1/21/2015 12:25:00,1/21/2015 12:25:00
-1210054579,17869,8/11/2015 0:00:00,"5",1/31/2018 21:31:00,"P","S",,"Goggin, Michael P",$349.06,$349.06,0,0,"_",1/31/2016 23:23:00,1/31/2016 23:23:00
-1202392932,17176,5/9/2011 0:00:00,"10",1/31/2017 16:10:00,"P","S",,"Biros, Tim",$260.00,$260.00,0,0,"_",1/21/2015 12:29:00,1/21/2015 12:29:00
-1196383341,17176,6/21/2010 0:00:00,"2",1/31/2017 16:10:00,"P","S",,"Biros, Tim",$900.00,$900.00,0,0,"_",1/21/2015 12:29:00,1/21/2015 12:29:00
-1179325438,16870,4/27/2010 0:00:00,,2/21/2017 16:13:00,"P","S",,"Thissen, Paul",$2550.00,$2550.00,0,0,"_",2/21/2017 16:14:00,2/21/2017 16:14:00
-1154624039,17644,8/17/2014 0:00:00,"4",1/30/2018 16:12:00,"P","S",,"Thompson, David A",$10000.00,$10000.00,0,0,"_",2/2/2015 16:00:00,2/2/2015 16:00:00
-1136839129,16760,1/1/2010 0:00:00,,8/11/2015 11:45:00,"P","S",,"Longrie, Diana",$594.55,$418.45,0,0,"_",8/11/2015 11:47:00,8/11/2015 11:47:00
-1122148802,18106,6/29/2016 0:00:00,"8",12/26/2017 9:27:00,"P","S",,"Sturino, Carmaine",$250.00,$250.00,0,0,"_",7/23/2016 8:34:00,7/23/2016 8:34:00
-1116355854,16870,7/7/2011 0:00:00,,2/21/2017 16:13:00,"P","S",,"Thissen, Paul",$100.00,$100.00,0,0,"_",2/21/2017 16:14:00,2/21/2017 16:14:00
-1101175048,17707,10/14/2014 0:00:00,"2",2/1/2016 21:29:00,"P","S",,"Burkart, Kevin",$3000.00,$3000.00,0,0,"_",2/2/2015 23:10:00,2/2/2015 23:10:00
-1100965962,18050,6/25/2016 0:00:00,"2",1/30/2017 17:21:00,"P","S",,"Newcomer, Kris",$4000.00,$4000.00,0,0,"_",7/26/2016 7:51:00,7/26/2016 7:51:00
-1099964734,17176,6/11/2010 0:00:00,"1",1/31/2017 16:10:00,"P","S",,"Biros, Tim",$100.00,$100.00,0,0,"_",1/21/2015 12:29:00,1/21/2015 12:29:00
-1097181368,17958,2/9/2016 0:00:00,"3",2/2/2017 10:43:00,"P","I",,"White, Sean L",$1000.00,$0.00,0,0,"_",7/26/2016 7:19:00,7/26/2016 7:19:00
-1082297007,17871,8/24/2015 0:00:00,"1",3/10/2016 9:55:00,"P","S",,"Ecklund, Rob",$5000.00,$5000.00,0,0,"S",9/22/2015 14:38:00,9/22/2015 14:38:00
-1061047761,17963,10/27/2016 0:00:00,"1",4/17/2017 13:21:00,"P","O",,"Nystrom, Quinn",$3000.00,$500.00,0,0,"_",1/30/2017 17:36:00,1/30/2017 17:36:00
-1057556479,15123,8/21/2006 0:00:00,,3/5/2015 15:58:00,"P","S",,"Nienow, Sean",$2107.54,$0.00,0,0,"_",3/5/2015 15:59:00,3/5/2015 15:59:00
-1045868630,17821,7/21/2014 0:00:00,"1",1/21/2015 12:25:00,"P","S",,"Hagerty, Brian C",$10000.00,$10000.00,0,0,"_",1/21/2015 12:25:00,1/21/2015 12:25:00
-1040344861,18172,11/27/2017 0:00:00,"5",1/30/2018 14:10:00,"P","S",,"Johnson, Lance J",$4000.00,$4000.00,0,0,"_",1/30/2018 14:10:00,1/30/2018 14:10:00
-1005650502,17123,5/3/2017 0:00:00,"3",1/24/2018 16:39:00,"P","O",,"Glenn Gruenhagen",$2500.00,$2500.00,0,0,"_",1/24/2018 16:39:00,1/24/2018 16:39:00
-999522578,15984,12/31/2014 0:00:00,"1",2/24/2015 11:02:00,"P","S",,"Simon, Steve",$1508.84,$1508.84,0,0,"_",2/2/2015 22:22:00,2/2/2015 22:22:00
-997656621,17781,6/13/2014 0:00:00,,2/17/2015 15:18:00,"P","S",,"Price, Thomas Keith",$200.00,$0.00,0,0,"_",2/17/2015 15:20:00,2/17/2015 15:20:00
-995777606,17403,11/30/2017 0:00:00,"1",1/21/2018 10:20:00,"P","S",,"Peterson, Roz",$5000.00,$5000.00,0,0,"_",1/21/2018 10:20:00,1/21/2018 10:20:00
-984223456,16060,9/8/2012 0:00:00,"5",1/26/2015 12:36:00,"P","S",,"Benson, John H",$250.00,$0.00,0,0,"_",1/26/2015 12:36:00,1/26/2015 12:36:00
-980263952,17512,9/12/2013 0:00:00,,2/13/2015 14:58:00,"P","S",,"Metsa, Jason",$1100.00,$0.00,0,0,"_",2/13/2015 15:00:00,2/13/2015 15:00:00
-971989172,17477,1/22/2013 0:00:00,"2",1/27/2015 10:26:00,"P","S",,"Wilcox, Vernon F",$1000.00,$1000.00,0,1,"_",1/27/2015 10:26:00,1/27/2015 10:26:00
-951615607,18106,11/2/2016 0:00:00,"17",12/26/2017 9:27:00,"P","S",,"Sturino, Carmaine",$192.48,$192.48,0,0,"_",1/30/2017 17:08:00,1/30/2017 17:08:00
-950191624,17007,8/1/2010 0:00:00,,12/4/2017 10:17:00,"P","S",,"Carney Jr, Bob",$500.00,$500.00,0,0,"_",12/4/2017 10:18:00,12/4/2017 10:18:00
-894040605,17328,12/22/2014 0:00:00,,2/12/2015 9:16:00,"P","S",,"Schmit, Matt",$5000.00,$5000.00,0,0,"_",2/12/2015 9:20:00,2/12/2015 9:20:00
-888419008,18027,7/18/2016 0:00:00,"4",1/5/2018 15:20:00,"P","S",,"Grimsley, Ben",$266.44,$266.44,0,0,"_",7/26/2016 6:45:00,7/26/2016 6:45:00
-876749649,17438,6/7/2013 0:00:00,"2",1/27/2018 17:53:00,"P","S",,"Ward, JoAnn",$2500.00,$2500.00,0,0,"_",1/30/2015 10:50:00,1/30/2015 10:50:00
-849874237,17782,6/6/2017 0:00:00,"5",2/1/2018 6:14:00,"P","S",,"Heintzeman, Joshua",$500.00,$500.00,0,0,"_",2/1/2018 6:14:00,2/1/2018 6:14:00
-840275306,17461,1/14/2015 0:00:00,"3",7/12/2017 14:38:00,"P","O",,"Paul Gammel",$3200.00,$159.53,0,0,"_",7/22/2016 12:48:00,7/22/2016 12:48:00
-822286976,16525,7/13/2006 0:00:00,"2",1/31/2018 14:23:00,"P","S",,"Ostby, Elena L",$591.08,$591.08,0,0,"_",1/26/2015 12:28:00,1/26/2015 12:28:00
-773177867,18106,7/7/2016 0:00:00,"10",12/26/2017 9:27:00,"P","S",,"Sturino, Carmaine",$363.38,$363.38,0,0,"_",7/23/2016 8:34:00,7/23/2016 8:34:00
-761784872,17682,7/18/2016 0:00:00,"5",1/31/2018 22:49:00,"P","S",,"Applebaum, Jon",$735.00,$0.00,0,0,"_",11/1/2016 1:10:00,11/1/2016 1:10:00
-761405942,17902,12/31/2015 0:00:00,"1",1/23/2018 9:53:00,"P","S",,"Edelson, Heather M",$3000.00,$3000.00,0,0,"_",1/28/2016 16:28:00,1/28/2016 16:28:00
-753158586,18070,4/13/2016 0:00:00,"3",7/10/2017 8:20:00,"P","S",,"Parker, Kevin",$650.00,$650.00,0,0,"_",7/25/2016 1:02:00,7/25/2016 1:02:00
-742049189,17932,6/10/2016 0:00:00,"5",2/1/2017 2:13:00,"P","S",,"Pitcher, Timothy",$4000.00,$4000.00,0,0,"_",7/26/2016 10:40:00,7/26/2016 10:40:00
-732405931,17592,9/20/2012 0:00:00,"4",2/3/2015 15:24:00,"P","S",,"Pickering, Keith A.",$1000.00,$1000.00,0,0,"_",2/1/2015 16:46:00,2/1/2015 16:46:00
-724202587,17732,12/1/2016 0:00:00,"6",1/28/2018 15:04:00,"P","O",,"JIM KNOBLACH",$7000.00,$0.00,0,0,"_",1/30/2017 18:31:00,1/30/2017 18:31:00
-717435343,17674,12/2/2013 0:00:00,,2/17/2015 8:40:00,"P","S",,"Margolis, Eric",$750.00,$688.86,0,1,"_",2/17/2015 8:43:00,2/17/2015 8:43:00
-679257930,17640,12/31/2013 0:00:00,"2",2/1/2016 21:31:00,"P","S",,"Honour, Scott",$50000.00,$50000.00,0,0,"_",2/2/2015 17:15:00,2/2/2015 17:15:00
-677036572,17644,9/10/2014 0:00:00,"6",1/30/2018 16:12:00,"P","S",,"Thompson, David A",$300.00,$300.00,0,0,"_",2/2/2015 16:00:00,2/2/2015 16:00:00
-676175842,18172,12/16/2017 0:00:00,"2",1/30/2018 14:10:00,"P","S",,"Johnson, Lance J",$2500.00,$2500.00,0,0,"_",1/30/2018 14:10:00,1/30/2018 14:10:00
-648032447,17781,6/18/2014 0:00:00,,2/17/2015 15:19:00,"P","S",,"Price, Thomas Keith",$49.00,$0.00,0,0,"_",2/17/2015 15:20:00,2/17/2015 15:20:00
-640835606,16936,9/24/2009 0:00:00,"1",1/15/2018 16:36:00,"P","S",,"Greene, Marion",$400.00,$400.00,0,0,"_",1/30/2015 17:06:00,1/30/2015 17:06:00
-595475378,17908,12/31/2015 0:00:00,"2",1/3/2018 9:32:00,"P","S",,"Volkenant, Wesley S",$1200.00,$723.93,0,1,"_",10/31/2016 20:17:00,10/31/2016 20:17:00
-573154576,16060,7/27/2012 0:00:00,"4",1/26/2015 12:36:00,"P","S",,"Benson, John H",$2000.00,$0.00,0,0,"_",1/26/2015 12:36:00,1/26/2015 12:36:00
-571416222,17838,8/25/2014 0:00:00,,2/12/2015 15:06:00,"P","S",,"Cahill, Steven",$1000.00,$1000.00,0,1,"_",2/12/2015 15:08:00,2/12/2015 15:08:00
-550562544,17333,2/9/2012 0:00:00,,2/18/2015 9:07:00,"P","S",,"Younk, David",$9.98,$9.98,0,0,"_",2/18/2015 9:08:00,2/18/2015 9:08:00
-542012278,17340,3/2/2016 0:00:00,,8/10/2016 15:09:00,"P","S",,"Carlson, Jual",$1000.00,$931.71,0,0,"_",8/10/2016 15:10:00,8/10/2016 15:10:00
-538319975,18038,8/7/2017 0:00:00,"3",1/12/2018 16:40:00,"P","S",,"Thomas, Norrie A",$1000.00,$1000.00,0,0,"_",1/12/2018 16:40:00,1/12/2018 16:40:00
-487466499,17908,1/2/2016 0:00:00,"3",1/3/2018 9:32:00,"P","S",,"Volkenant, Wesley S",$550.00,$0.00,0,0,"_",7/25/2016 7:23:00,7/25/2016 7:23:00
-484127797,18071,5/31/2016 0:00:00,,8/9/2016 13:28:00,"P","S",,"Waggoner, Will",$201.00,$201.00,0,0,"_",8/9/2016 13:29:00,8/9/2016 13:29:00
-473434836,16870,10/13/2017 0:00:00,"989",1/31/2018 22:57:00,"P","I",,"Thissen, Paul C.",$8000.00,$8000.00,0,0,"_",1/31/2018 22:57:00,1/31/2018 22:57:00
-462163789,17756,4/17/2014 0:00:00,"1",1/30/2018 20:40:00,"P","S",,"Kasel, Kevin",$300.00,$300.00,0,0,"_",2/2/2015 22:18:00,2/2/2015 22:18:00
-440741723,12463,12/31/2008 0:00:00,"2",2/17/2015 12:13:00,"P","I",,"Olson, Mark D",$3843.78,$3843.78,0,0,"_",2/17/2015 12:13:00,2/17/2015 12:13:00
-430117704,17333,3/27/2012 0:00:00,,2/18/2015 9:07:00,"P","S",,"Younk, David",$157.50,$157.50,0,0,"_",2/18/2015 9:09:00,2/18/2015 9:09:00
-426874792,17340,8/1/2016 0:00:00,,1/27/2017 9:43:00,"P","S",,"Carlson, Jual",$1075.00,$1075.00,0,0,"_",1/27/2017 9:44:00,1/27/2017 9:44:00
-396817527,17340,8/9/2016 0:00:00,,1/27/2017 9:43:00,"P","S",,"Carlson, Jual",$500.00,$500.00,0,0,"_",1/27/2017 9:45:00,1/27/2017 9:45:00
-393075361,17816,5/22/2014 0:00:00,"1",1/27/2016 10:41:00,"P","S",,"Wright, Richard",$1000.00,$895.00,0,0,"_",1/9/2015 10:16:00,1/9/2015 10:16:00
-360666261,17778,10/14/2014 0:00:00,"2",1/26/2015 12:19:00,"P","S",,"Benson, Beverly J (Bev)",$7000.00,$7000.00,0,1,"_",1/26/2015 12:19:00,1/26/2015 12:19:00
-346511086,17908,1/5/2016 0:00:00,"4",1/3/2018 9:32:00,"P","S",,"Volkenant, Wesley S",$100.00,$0.00,0,0,"_",7/25/2016 7:23:00,7/25/2016 7:23:00
-343348221,17268,2/3/2011 0:00:00,"1",1/26/2016 9:51:00,"P","S",,"Wright, Wilhelmina M",$619.08,$619.08,0,1,"_",1/30/2015 15:33:00,1/30/2015 15:33:00
-327981864,18106,6/17/2016 0:00:00,"1",12/26/2017 9:27:00,"P","S",,"Sturino, Carmaine",$500.00,$211.71,0,0,"_",7/23/2016 8:34:00,7/23/2016 8:34:00
-318588614,17901,1/20/2016 0:00:00,"1",4/19/2016 10:42:00,"P","S",,"Carlson, (Robert) Andrew ",$4000.00,$709.53,0,0,"S",2/1/2016 20:43:00,2/1/2016 20:43:00
-306940785,18072,6/22/2016 0:00:00,"2",1/16/2018 16:36:00,"P","S",,"Wilder, Anthony",$700.00,$700.00,0,0,"_",7/25/2016 23:58:00,7/25/2016 23:58:00
-303218982,16207,11/3/2004 0:00:00,"5",1/30/2018 15:57:00,"P","S",,"Burke, Susan N.",$23158.60,$23158.60,0,0,"_",1/12/2015 15:05:00,1/12/2015 15:05:00
-293204721,18041,5/16/2016 0:00:00,,2/27/2017 13:57:00,"P","S",,"Harding, Tom",$5000.00,$3546.01,0,1,"_",2/27/2017 13:58:00,2/27/2017 13:58:00
-269646957,16760,9/1/2008 0:00:00,,8/11/2015 11:44:00,"P","S",,"Longrie, Diana",$399.71,$99.71,0,0,"_",8/11/2015 11:45:00,8/11/2015 11:45:00
-249731723,18172,12/29/2017 0:00:00,"4",1/30/2018 14:10:00,"P","S",,"Johnson, Lance J",$1050.00,$1050.00,0,0,"_",1/30/2018 14:10:00,1/30/2018 14:10:00
-247439586,17881,3/17/2015 0:00:00,"1",1/28/2018 15:10:00,"P","S",,"Bliss, Matt",$100.00,$100.00,0,0,"_",1/20/2016 10:03:00,1/20/2016 10:03:00
-225819916,17417,12/24/2013 0:00:00,"2",1/15/2018 16:41:00,"P","I",,"Petersburg, John",$2000.00,$2000.00,0,0,"_",2/1/2015 19:35:00,2/1/2015 19:35:00
-224733355,17644,12/22/2017 0:00:00,"17",1/30/2018 16:12:00,"P","S",,"Thompson, David A",$33900.00,$33900.00,0,0,"_",1/30/2018 16:12:00,1/30/2018 16:12:00
-213634433,17176,5/28/2010 0:00:00,"6",1/31/2017 16:10:00,"P","S",,"Biros, Tim",$100.00,$100.00,0,0,"_",1/21/2015 12:29:00,1/21/2015 12:29:00
-181283437,17881,12/21/2015 0:00:00,"2",1/28/2018 15:10:00,"P","S",,"Bliss, Matt",$4200.00,$4200.00,0,0,"_",1/20/2016 10:03:00,1/20/2016 10:03:00
-158271882,16870,10/8/2011 0:00:00,,2/21/2017 16:14:00,"P","S",,"Thissen, Paul",$200.00,$200.00,0,0,"_",2/21/2017 16:17:00,2/21/2017 16:17:00
-131021873,18168,8/28/2017 0:00:00,"287",1/31/2018 17:02:00,"P","I",,"Wolgamott, Daniel Kirk",$2500.00,$2500.00,0,0,"_",1/31/2018 17:02:00,1/31/2018 17:02:00
-115278978,15487,11/7/2017 0:00:00,"8",1/31/2018 22:43:00,"P","S",,"Lesch, John",$1375.00,$1375.00,0,0,"_",1/31/2018 22:43:00,1/31/2018 22:43:00
-110822016,17313,11/18/2011 0:00:00,"7",2/7/2017 7:47:00,"P","S",,"Smith, Dennis J",$5000.00,$0.00,0,0,"_",1/29/2015 14:16:00,1/29/2015 14:16:00
-105786275,15863,8/17/2002 0:00:00,,10/15/2015 9:16:00,"P","S",,"Hooten, Carol",$500.00,$397.16,0,1,"_",10/15/2015 9:18:00,10/15/2015 9:18:00
-101746442,17132,5/4/2014 0:00:00,"3",4/4/2016 14:25:00,"P","S",,"Hancock, Dave",$5000.00,$313.99,0,1,"_",2/2/2015 9:30:00,2/2/2015 9:30:00
-99551468,17477,4/17/2012 0:00:00,"1",1/27/2015 10:26:00,"P","S",,"Wilcox, Vernon F",$1000.00,$900.58,0,1,"_",1/27/2015 10:26:00,1/27/2015 10:26:00
-79926139,15621,3/23/2015 0:00:00,,2/18/2016 9:46:00,"P","S",,"Thissen, Paul",$600.00,$0.00,0,0,"_",2/18/2016 9:47:00,2/18/2016 9:47:00
-68497070,17763,12/31/2016 0:00:00,,2/6/2017 16:12:00,"P","S",,"Anderson, Merrill",$1211.77,$1211.77,0,0,"_",2/6/2017 16:14:00,2/6/2017 16:14:00
-56020094,17985,7/18/2016 0:00:00,"2",1/29/2018 13:30:00,"P","S",,"Poston, John",$3800.00,$3800.00,0,0,"_",7/25/2016 22:59:00,7/25/2016 22:59:00
-55289233,17328,7/20/2012 0:00:00,,2/12/2015 9:23:00,"P","S",,"Schmit, Matt",$5000.00,$5000.00,0,0,"_",2/12/2015 9:25:00,2/12/2015 9:25:00
-54598835,17781,6/21/2014 0:00:00,,2/17/2015 15:19:00,"P","S",,"Price, Thomas Keith",$3.38,$0.00,0,0,"_",2/17/2015 15:20:00,2/17/2015 15:20:00
-45544492,17176,10/13/2010 0:00:00,"9",1/31/2017 16:10:00,"P","S",,"Biros, Tim",$86.00,$86.00,0,0,"_",1/21/2015 12:29:00,1/21/2015 12:29:00
-41155707,17782,12/31/2017 0:00:00,"9",2/1/2018 6:14:00,"P","S",,"Heintzeman, Joshua",$969.69,$969.69,0,0,"_",2/1/2018 6:14:00,2/1/2018 6:14:00
-5613438,18127,11/18/2016 0:00:00,"13803",1/31/2018 21:58:00,"P","I",,"Coleman, Chris",$500.00,$500.00,0,0,"_",1/31/2018 21:58:00,1/31/2018 21:58:00
2395,17739,7/21/2014 0:00:00,"16",6/3/2016 16:51:00,"P","I",,"Rittenour, Eleanor",$350.00,$0.00,0,0,"_",7/28/2014 20:38:00,7/28/2014 20:38:00
2396,17739,7/21/2014 0:00:00,"4",6/3/2016 16:51:00,"P","S",,"Rittenour, James",$300.00,$0.00,0,0,"_",7/28/2014 20:38:00,7/28/2014 20:38:00
2403,17640,7/21/2014 0:00:00,"5",2/1/2016 21:31:00,"P","S",,"Honour, Scott",$500000.00,$500000.00,0,0,"_",7/29/2014 0:16:00,7/29/2014 0:16:00
2408,17835,6/6/2014 0:00:00,,7/31/2014 11:01:00,"P","S",,"Kohler, Kenneth (Ken)",$2000.00,$2000.00,0,0,"_",7/31/2014 11:01:00,7/31/2014 11:01:00
2409,17835,7/1/2014 0:00:00,,7/31/2014 11:01:00,"P","S",,"Kohler, Kenneth (Ken)",$9135.80,$9135.80,0,0,"_",7/31/2014 11:02:00,7/31/2014 11:02:00
3575774,17513,11/12/2016 0:00:00,"1",12/13/2016 9:48:00,"P","I",,"Marcotte, Anne M",$4950.00,$4638.38,0,0,"_",12/13/2016 9:48:00,12/13/2016 9:48:00
18617848,15487,10/3/2017 0:00:00,"6",1/31/2018 22:43:00,"P","S",,"Lesch, John",$1375.00,$1375.00,0,0,"_",1/31/2018 22:43:00,1/31/2018 22:43:00
23533072,17328,12/30/2011 0:00:00,,2/12/2015 9:25:00,"P","S",,"Schmit, Matt",$4500.00,$4500.00,0,0,"_",2/12/2015 9:26:00,2/12/2015 9:26:00
41194633,18106,6/24/2016 0:00:00,"3",12/26/2017 9:27:00,"P","S",,"Sturino, Carmaine",$52.33,$52.33,0,0,"_",7/23/2016 8:34:00,7/23/2016 8:34:00
44842292,18128,12/28/2017 0:00:00,"3",1/5/2018 15:23:00,"P","I",,"Otto, Shawn",$2400.00,$2400.00,0,0,"_",1/5/2018 15:23:00,1/5/2018 15:23:00
59398716,18213,12/22/2017 0:00:00,"3",1/29/2018 20:42:00,"P","S",,"Gagnon, Rebecca",$1000.00,$1000.00,0,0,"_",1/29/2018 20:42:00,1/29/2018 20:42:00
71545304,18106,11/3/2016 0:00:00,"21",12/26/2017 9:27:00,"P","S",,"Sturino, Carmaine",$40.00,$40.00,0,0,"_",1/30/2017 17:08:00,1/30/2017 17:08:00
72865276,17930,7/12/2017 0:00:00,"1",1/29/2018 13:08:00,"P","S",,"Relph, Jerry",$1193.89,$1193.89,0,0,"_",1/29/2018 13:08:00,1/29/2018 13:08:00
76506993,18106,11/2/2016 0:00:00,"23",12/26/2017 9:27:00,"P","S",,"Sturino, Carmaine",$194.20,$194.20,0,0,"_",1/30/2017 17:08:00,1/30/2017 17:08:00
84750735,17825,1/30/2015 0:00:00,,2/12/2016 10:48:00,"P","S",,"Dawson, Amy",$750.00,$750.00,0,0,"_",2/12/2016 10:50:00,2/12/2016 10:50:00
85565370,17007,8/6/2010 0:00:00,,12/4/2017 10:17:00,"P","S",,"Carney Jr, Bob",$1500.00,$1500.00,0,0,"_",12/4/2017 10:18:00,12/4/2017 10:18:00
108675448,17438,2/6/2017 0:00:00,"6",1/27/2018 17:53:00,"P","S",,"Ward, JoAnn",$225.00,$225.00,0,0,"_",1/27/2018 17:53:00,1/27/2018 17:53:00
109040260,15487,12/5/2017 0:00:00,"7",1/31/2018 22:43:00,"P","S",,"Lesch, John",$1375.00,$1375.00,0,0,"_",1/31/2018 22:43:00,1/31/2018 22:43:00
109849532,16753,12/30/2015 0:00:00,"3",5/9/2016 14:00:00,"P","S",,"Newton, Jerry",$4800.00,$4800.00,0,0,"_",2/8/2016 12:51:00,2/8/2016 12:51:00
127631061,17825,12/2/2014 0:00:00,,2/13/2015 10:08:00,"P","S",,"Dawson, Amy",$2300.00,$2300.00,0,0,"_",2/13/2015 10:10:00,2/13/2015 10:10:00
140690178,18121,9/26/2016 0:00:00,"4",1/31/2017 23:27:00,"P","I",,"Ritts, Ian C",$1000.00,$1000.00,0,0,"_",11/1/2016 6:48:00,11/1/2016 6:48:00
146614568,17985,4/18/2016 0:00:00,"1",1/29/2018 13:30:00,"P","S",,"Poston, John",$200.00,$200.00,0,0,"_",7/25/2016 22:59:00,7/25/2016 22:59:00
154594177,17894,11/1/2015 0:00:00,,1/5/2016 8:56:00,"P","S",,"Johnson, Roger",$2700.83,$0.00,0,0,"S",1/5/2016 8:57:00,1/5/2016 8:57:00
177323439,16760,4/8/2008 0:00:00,,8/11/2015 11:44:00,"P","S",,"Longrie, Diana",$2548.11,$2548.11,0,0,"_",8/11/2015 11:45:00,8/11/2015 11:45:00
184809371,17644,1/27/2016 0:00:00,"11",1/30/2018 16:12:00,"P","O",,"Thompson, David",$3500.00,$3500.00,0,0,"_",1/29/2017 12:20:00,1/29/2017 12:20:00
190417233,18070,7/5/2016 0:00:00,"4",7/10/2017 8:20:00,"P","I",,"Parker, Kevin",$200.61,$200.61,0,0,"_",7/25/2016 1:02:00,7/25/2016 1:02:00
208997330,16870,12/31/2009 0:00:00,,2/21/2017 16:13:00,"P","S",,"Thissen, Paul",$5000.00,$5000.00,0,0,"_",2/21/2017 16:14:00,2/21/2017 16:14:00
211152891,17758,5/29/2014 0:00:00,"2",2/1/2018 6:16:00,"P","S",,"Wetzker, Alma J",$500.00,$500.00,0,0,"_",1/29/2015 9:08:00,1/29/2015 9:08:00
245498985,18128,12/28/2017 0:00:00,"2",1/5/2018 15:23:00,"P","S",,"Otto, Rebecca",$20000.00,$20000.00,0,0,"_",1/5/2018 15:23:00,1/5/2018 15:23:00
258259268,13481,12/27/2008 0:00:00,,2/13/2015 15:51:00,"P","S",,"Mullery, Joe",$4950.00,$4950.00,0,0,"_",2/13/2015 15:52:00,2/13/2015 15:52:00
272213312,17644,7/14/2014 0:00:00,"3",1/30/2018 16:12:00,"P","S",,"Thompson, David A",$5000.00,$5000.00,0,0,"_",2/2/2015 16:00:00,2/2/2015 16:00:00
286404250,18084,7/18/2016 0:00:00,"3",1/31/2017 22:36:00,"P","S",,"Misukanis, Mark R",$5000.00,$5000.00,0,0,"_",7/26/2016 7:23:00,7/26/2016 7:23:00
287418730,17464,10/20/2012 0:00:00,,1/22/2015 9:53:00,"P","S",,"Olseen, Rick",$5000.00,$4006.98,0,1,"_",1/22/2015 9:55:00,1/22/2015 9:55:00
288372408,17866,12/21/2015 0:00:00,,9/13/2016 14:43:00,"P","S",,"Aplikowski, Andy",$5600.00,,0,0,"S",9/13/2016 14:44:00,9/13/2016 14:44:00
292112746,15123,7/18/2016 0:00:00,"7",2/17/2017 14:27:00,"P","I",,"Nienow, Sean",$4500.00,$0.00,0,0,"_",7/27/2016 8:59:00,7/27/2016 8:59:00
304958981,17176,5/23/2010 0:00:00,"5",1/31/2017 16:10:00,"P","S",,"Biros, Tim",$10.95,$10.95,0,0,"_",1/21/2015 12:29:00,1/21/2015 12:29:00
319332236,18106,6/29/2016 0:00:00,"4",12/26/2017 9:27:00,"P","S",,"Sturino, Carmaine",$44.78,$44.78,0,0,"_",7/23/2016 8:34:00,7/23/2016 8:34:00
355641052,17310,12/7/2011 0:00:00,"1",1/31/2018 12:50:00,"P","S",,"Dziedzic, Karen",$3125.77,$3125.77,0,0,"_",1/27/2015 10:44:00,1/27/2015 10:44:00
373191580,17794,1/11/2018 0:00:00,"1",1/12/2018 16:39:00,"P","S",,"Scoggin, Paul",$10501.00,$9151.00,0,0,"_",1/12/2018 16:39:00,1/12/2018 16:39:00
382005244,18121,9/26/2016 0:00:00,"6",1/31/2017 23:27:00,"P","I",,"Ritts, Ian C",$1500.00,$1500.00,0,0,"_",11/1/2016 6:48:00,11/1/2016 6:48:00
399055010,17781,7/4/2014 0:00:00,,2/17/2015 15:20:00,"P","S",,"Price, Thomas Keith",$34.75,$0.00,0,0,"_",2/17/2015 15:21:00,2/17/2015 15:21:00
401055297,17838,10/23/2014 0:00:00,,2/12/2015 15:07:00,"P","S",,"Cahill, Steven",$5500.00,$5500.00,0,1,"_",2/12/2015 15:09:00,2/12/2015 15:09:00
405409242,15621,12/31/2016 0:00:00,"400000007226912",1/30/2017 22:12:00,"P","I",,"Thissen, Paul",$1500.00,$1500.00,0,0,"_",1/30/2017 22:12:00,1/30/2017 22:12:00
405880163,17836,8/6/2014 0:00:00,,2/12/2015 14:18:00,"P","S",,"Brandl, Jean",$3521.44,$1297.95,0,1,"_",2/12/2015 14:20:00,2/12/2015 14:20:00
444055828,17340,11/29/2016 0:00:00,,1/27/2017 9:44:00,"P","S",,"Carlson, Jual",$250.00,$250.00,0,0,"_",1/27/2017 9:45:00,1/27/2017 9:45:00
477071934,17894,1/2/2016 0:00:00,,2/2/2016 11:31:00,"P","S",,"Johnson, Roger",$100.00,$0.00,0,0,"S",2/2/2016 11:33:00,2/2/2016 11:33:00
478721969,15123,12/30/2005 0:00:00,"2",2/17/2017 14:27:00,"P","I",,"Nienow, Sean",$1760.00,$0.00,0,0,"_",1/31/2016 23:14:00,1/31/2016 23:14:00
491427480,18100,6/30/2016 0:00:00,"1",1/30/2017 18:13:00,"P","S",,"Walters, Terrence M",$1883.82,$1883.82,0,0,"_",7/22/2016 14:48:00,7/22/2016 14:48:00
494778451,13481,12/31/1997 0:00:00,,2/13/2015 15:49:00,"P","S",,"Mullery, Joe",$5000.00,$5000.00,0,0,"_",2/13/2015 15:51:00,2/13/2015 15:51:00
496734409,17985,12/28/2017 0:00:00,"4",1/29/2018 13:30:00,"P","S",,"Poston, John",$2000.00,$2000.00,0,0,"_",1/29/2018 13:30:00,1/29/2018 13:30:00
522918676,17393,12/4/2012 0:00:00,"1",1/30/2018 8:09:00,"P","S",,"Wiklund, Melissa Halvorson",$2000.00,$2000.00,0,0,"_",2/2/2015 17:21:00,2/2/2015 17:21:00
539057640,17781,6/10/2014 0:00:00,,2/17/2015 15:18:00,"P","S",,"Price, Thomas Keith",$300.00,$0.00,0,0,"_",2/17/2015 15:19:00,2/17/2015 15:19:00
556059367,17825,11/11/2014 0:00:00,,2/13/2015 10:07:00,"P","S",,"Dawson, Amy",$1300.00,$1300.00,0,0,"_",2/13/2015 10:09:00,2/13/2015 10:09:00
565028186,10054,7/9/2014 0:00:00,"1",1/18/2018 8:50:00,"P","S",,"Kahn, Phyllis",$4500.00,$4500.00,0,0,"_",2/2/2015 11:36:00,2/2/2015 11:36:00
570728056,17670,4/7/2014 0:00:00,"1",1/31/2018 8:49:00,"P","S",,"Freeman, Matt",$1875.00,$1875.00,0,0,"_",2/2/2015 11:42:00,2/2/2015 11:42:00
572209420,16870,9/8/2011 0:00:00,,2/21/2017 16:14:00,"P","S",,"Thissen, Paul",$100.00,$100.00,0,0,"_",2/21/2017 16:15:00,2/21/2017 16:15:00
578743259,16008,12/3/2014 0:00:00,"3",1/11/2016 14:49:00,"P","S",,"Faust, Timothy D",$1400.00,$0.00,0,0,"_",1/27/2015 10:39:00,1/27/2015 10:39:00
599109583,17781,6/24/2014 0:00:00,,2/17/2015 15:19:00,"P","S",,"Price, Thomas Keith",$585.00,$0.00,0,0,"_",2/17/2015 15:20:00,2/17/2015 15:20:00
601249737,17708,2/27/2014 0:00:00,"1",10/2/2015 15:15:00,"P","S",,"Korin, Mark",$1200.00,$610.00,0,0,"_",10/2/2015 15:15:00,10/2/2015 15:15:00
609664238,17527,10/18/2012 0:00:00,"1",1/27/2018 17:32:00,"P","S",,"Busch, Kathy",$4072.24,$4072.24,0,0,"_",2/2/2015 22:26:00,2/2/2015 22:26:00
616756721,17132,10/1/2014 0:00:00,"2",4/4/2016 14:25:00,"P","S",,"Hancock, Dave",$5000.00,$5000.00,0,1,"_",2/2/2015 9:30:00,2/2/2015 9:30:00
628460127,10054,7/15/2016 0:00:00,"2",1/18/2018 8:50:00,"P","S",,"Kahn, Phyllis",$4950.00,$4950.00,0,0,"_",7/26/2016 6:52:00,7/26/2016 6:52:00
653791293,16680,12/28/2007 0:00:00,"1",1/31/2018 12:43:00,"P","S",,"Loon, Jenifer W",$3000.00,$3000.00,0,0,"_",2/2/2015 22:11:00,2/2/2015 22:11:00
656068822,17910,3/22/2016 0:00:00,"4",1/31/2018 16:11:00,"P","S",,"Draheim, Rich",$500.00,$500.00,0,0,"_",7/22/2016 14:23:00,7/22/2016 14:23:00
660495033,15123,12/31/2009 0:00:00,,3/5/2015 16:00:00,"P","S",,"Nienow, Sean",$4700.00,$0.00,0,0,"_",3/5/2015 16:01:00,3/5/2015 16:01:00
671841891,17825,2/5/2015 0:00:00,,2/12/2016 10:49:00,"P","S",,"Dawson, Amy",$300.00,$300.00,0,0,"_",2/12/2016 10:51:00,2/12/2016 10:51:00
680939398,16870,12/31/2017 0:00:00,"991",1/31/2018 22:57:00,"P","I",,"Thissen, Paul C.",$18000.00,$18000.00,0,0,"_",1/31/2018 22:57:00,1/31/2018 22:57:00
684493999,13481,12/28/2009 0:00:00,,2/13/2015 15:51:00,"P","S",,"Mullery, Joe",$4950.00,$4950.00,0,0,"_",2/13/2015 15:52:00,2/13/2015 15:52:00
708716471,17781,7/19/2014 0:00:00,,2/17/2015 15:20:00,"P","S",,"Price, Thomas Keith",$650.00,$0.00,0,0,"_",2/17/2015 15:21:00,2/17/2015 15:21:00
727885683,15621,12/22/2014 0:00:00,,2/9/2015 10:00:00,"P","S",,"Thissen, Paul",$750.00,$0.00,0,0,"_",2/9/2015 10:01:00,2/9/2015 10:01:00
749465438,16939,6/30/2014 0:00:00,"6",1/19/2016 12:26:00,"P","S",,"Gilbert, Randy W",$8450.00,$8450.00,0,0,"_",11/17/2014 10:26:00,11/17/2014 10:26:00
762180225,17026,7/15/2010 0:00:00,,7/21/2017 15:32:00,"P","S",,"Petersen, Branden",$4000.00,$1200.00,0,0,"_",7/21/2017 15:33:00,7/21/2017 15:33:00
797600693,17958,5/18/2016 0:00:00,"5",2/2/2017 10:43:00,"P","S",,"White, Sean L",$500.00,$500.00,0,0,"_",7/26/2016 7:19:00,7/26/2016 7:19:00
809266592,16870,8/15/2017 0:00:00,"988",1/31/2018 22:57:00,"P","I",,"Thissen, Paul C.",$3000.00,$3000.00,0,0,"_",1/31/2018 22:57:00,1/31/2018 22:57:00
823491067,17313,12/31/2013 0:00:00,"9",2/7/2017 7:47:00,"P","S",,"Smith, Dennis J",$7000.00,$0.00,0,0,"_",1/29/2015 14:16:00,1/29/2015 14:16:00
825083597,17716,12/30/2017 0:00:00,"4",1/29/2018 11:36:00,"P","S",,"Christensen, Drew",$4900.00,$4900.00,0,0,"_",1/29/2018 11:36:00,1/29/2018 11:36:00
855371847,17328,12/20/2011 0:00:00,,2/12/2015 9:24:00,"P","S",,"Schmit, Matt",$500.00,$500.00,0,0,"_",2/12/2015 9:26:00,2/12/2015 9:26:00
870083790,18173,12/29/2017 0:00:00,"1",1/31/2018 22:47:00,"P","S",,"Jackson, Carolyn C",$3500.00,$3500.00,0,0,"_",1/31/2018 22:47:00,1/31/2018 22:47:00
870596303,17635,7/19/2016 0:00:00,"5",1/26/2018 18:01:00,"P","I",,"Theis, Tama L",$2000.00,$2000.00,0,0,"_",11/1/2016 2:05:00,11/1/2016 2:05:00
873824383,18106,6/17/2016 0:00:00,"6",12/26/2017 9:27:00,"P","S",,"Sturino, Carmaine",$16.50,$16.50,0,0,"_",7/23/2016 8:34:00,7/23/2016 8:34:00
894006219,17732,11/16/2016 0:00:00,"3",1/28/2018 15:04:00,"P","O",,"JIM KNOBLACH",$4000.00,$0.00,0,0,"_",1/30/2017 18:31:00,1/30/2017 18:31:00
896830686,18211,1/11/2018 0:00:00,,1/23/2018 15:57:00,"P","S",,"Sanders, Scott",$5000.00,$5000.00,0,0,"S",1/23/2018 15:58:00,1/23/2018 15:58:00
931023678,15621,2/18/2015 0:00:00,,2/18/2016 9:46:00,"P","S",,"Thissen, Paul",$500.00,$0.00,0,0,"_",2/18/2016 9:47:00,2/18/2016 9:47:00
941930362,18106,8/26/2016 0:00:00,"15",12/26/2017 9:27:00,"P","S",,"Sturino, Carmaine",$363.38,$363.38,0,0,"_",10/31/2016 20:15:00,10/31/2016 20:15:00
966942360,18123,10/13/2016 0:00:00,"2",1/31/2018 12:43:00,"P","S",,"Neu, Anne E",$1181.61,$1181.61,0,0,"s",2/7/2017 8:41:00,2/7/2017 8:41:00
969334992,17732,12/30/2016 0:00:00,"7",1/28/2018 15:04:00,"P","O",,"JIM KNOBLACH",$1000.00,$0.00,0,0,"_",1/30/2017 18:31:00,1/30/2017 18:31:00
975297036,16722,2/22/2008 0:00:00,,2/10/2015 15:14:00,"P","S",,"Bartz, Greg",$500.00,$0.00,0,0,"_",2/10/2015 15:16:00,2/10/2015 15:16:00
1053158637,17940,1/26/2016 0:00:00,"2",1/31/2018 7:08:00,"P","S",,"Becker-Finn, Jamie",$533.12,$0.00,0,0,"_",7/25/2016 8:24:00,7/25/2016 8:24:00
1090729977,12463,12/31/2009 0:00:00,"3",2/17/2015 12:13:00,"P","I",,"Olson, Mark D",$4680.00,$4680.00,0,0,"_",2/17/2015 12:13:00,2/17/2015 12:13:00
1094507679,18123,10/13/2016 0:00:00,"2",1/31/2018 12:58:00,"P","S",,"Neu, Anne E",$1181.61,$1181.61,0,0,"_",1/31/2018 12:58:00,1/31/2018 12:58:00
1120019935,17838,7/28/2014 0:00:00,,2/12/2015 15:08:00,"P","S",,"Cahill, Steven",$10000.00,$10000.00,0,1,"_",2/12/2015 15:10:00,2/12/2015 15:10:00
1120846371,17932,1/19/2016 0:00:00,"2",2/1/2017 2:13:00,"P","S",,"Pitcher, Timothy",$1000.00,$1000.00,0,0,"_",7/26/2016 10:40:00,7/26/2016 10:40:00
1121233604,17875,11/30/2015 0:00:00,"3",1/31/2016 23:09:00,"P","I",,"Johnson, Kelsey",$500.00,$500.00,0,0,"S",1/31/2016 23:09:00,1/31/2016 23:09:00
1141322201,17782,6/19/2017 0:00:00,"7",2/1/2018 6:14:00,"P","S",,"Heintzeman, Joshua",$200.00,$200.00,0,0,"_",2/1/2018 6:14:00,2/1/2018 6:14:00
1143259350,18104,7/13/2016 0:00:00,"3",1/31/2018 17:39:00,"P","S",,"Wallace, Kathy M.",$1000.00,$849.11,0,0,"_",7/25/2016 7:42:00,7/25/2016 7:42:00
1152310059,17461,6/20/2016 0:00:00,"1",7/12/2017 14:38:00,"P","O",,"Paul Gammel",$2000.00,$0.00,0,0,"_",7/25/2016 8:06:00,7/25/2016 8:06:00
1226757659,17781,6/10/2014 0:00:00,,2/17/2015 15:18:00,"P","S",,"Price, Thomas Keith",$300.00,$0.00,0,0,"_",2/17/2015 15:19:00,2/17/2015 15:19:00
1227315435,17644,12/20/2016 0:00:00,"14",1/30/2018 16:12:00,"P","O",,"Thompson, David",$11000.00,$11000.00,0,0,"_",1/29/2017 12:20:00,1/29/2017 12:20:00
1242200175,17747,4/25/2014 0:00:00,"1",1/9/2015 10:11:00,"P","S",,"Holbrook, Chris R",$558.23,$0.02,0,0,"_",1/9/2015 10:11:00,1/9/2015 10:11:00
1250939705,17333,3/27/2012 0:00:00,,2/18/2015 9:08:00,"P","S",,"Younk, David",$367.51,$367.51,0,0,"_",2/18/2015 9:10:00,2/18/2015 9:10:00
1267727058,13481,12/28/2011 0:00:00,,2/13/2015 15:52:00,"P","S",,"Mullery, Joe",$5000.00,$5000.00,0,0,"_",2/13/2015 15:53:00,2/13/2015 15:53:00
1274234246,17893,6/3/2016 0:00:00,"1",1/27/2018 17:54:00,"P","S",,"Koran, Mark",$3000.00,$0.00,0,0,"_",7/21/2016 10:54:00,7/21/2016 10:54:00
1282070413,15863,9/10/2002 0:00:00,,10/15/2015 9:16:00,"P","S",,"Hooten, Carol",$1000.00,$1000.00,0,1,"_",10/15/2015 9:18:00,10/15/2015 9:18:00
1370184732,17333,2/14/2012 0:00:00,,2/18/2015 9:09:00,"P","S",,"Younk, David",$52.56,$52.56,0,0,"_",2/18/2015 9:10:00,2/18/2015 9:10:00
1375363697,17835,9/15/2014 0:00:00,,2/27/2015 9:06:00,"P","S",,"Kohler, Kenneth (Ken)",$7926.47,$3646.46,0,0,"_",2/27/2015 9:07:00,2/27/2015 9:07:00
1389373730,17592,9/24/2012 0:00:00,"5",2/3/2015 15:24:00,"P","S",,"Pickering, Keith A.",$359.19,$359.19,0,0,"_",2/1/2015 16:46:00,2/1/2015 16:46:00
1403989420,17961,3/30/2016 0:00:00,,6/3/2016 15:31:00,"P","O",,"Salmon, Joe",$500.00,$0.00,0,0,"_",6/3/2016 15:32:00,6/3/2016 15:32:00
1417306987,15123,7/19/2010 0:00:00,,3/5/2015 16:01:00,"P","S",,"Nienow, Sean",$4700.00,$0.00,0,0,"_",3/5/2015 16:03:00,3/5/2015 16:03:00
1426441496,15250,8/3/2010 0:00:00,,4/7/2016 12:04:00,"P","S",,"Chaudhary, Satveer",$5000.00,$5000.00,0,1,"_",4/7/2016 12:05:00,4/7/2016 12:05:00
1431860982,17869,8/6/2015 0:00:00,"4",1/31/2018 21:31:00,"P","S",,"Goggin, Michael P",$263.76,$263.76,0,0,"_",1/31/2016 23:23:00,1/31/2016 23:23:00
1450040546,17906,11/29/2016 0:00:00,"7",1/31/2018 13:18:00,"P","S",,"Anderson, Chad D",$3200.00,$3200.00,0,0,"_",1/26/2017 11:53:00,1/26/2017 11:53:00
1461403268,17333,2/3/2012 0:00:00,,2/18/2015 9:06:00,"P","S",,"Younk, David",$20.00,$0.00,0,0,"_",2/18/2015 9:07:00,2/18/2015 9:07:00
1471146126,17640,4/30/2013 0:00:00,"1",2/1/2016 21:31:00,"P","S",,"Honour, Scott",$51000.00,$49103.09,0,0,"_",2/2/2015 17:15:00,2/2/2015 17:15:00
1473664143,17949,7/15/2016 0:00:00,,4/3/2017 13:52:00,"P","S",,"Podgorski, Todd",$5000.00,$5000.00,0,1,"_",4/3/2017 13:55:00,4/3/2017 13:55:00
1478445818,18168,12/26/2017 0:00:00,"288",1/31/2018 17:02:00,"P","I",,"Wolgamott, Daniel Kirk",$2000.00,$2000.00,0,0,"_",1/31/2018 17:02:00,1/31/2018 17:02:00
1482298050,17763,12/31/2015 0:00:00,,2/8/2016 10:48:00,"P","S",,"Anderson, Merrill",$2852.54,$2852.54,0,0,"_",2/8/2016 10:50:00,2/8/2016 10:50:00
1485915904,18100,7/21/2016 0:00:00,"4",1/30/2017 18:13:00,"P","S",,"Walters, Terrence M",$616.18,$616.18,0,0,"_",7/22/2016 14:48:00,7/22/2016 14:48:00
1500635953,18106,7/15/2016 0:00:00,"7",12/26/2017 9:27:00,"P","S",,"Sturino, Carmaine",$362.31,$362.31,0,0,"_",7/23/2016 8:34:00,7/23/2016 8:34:00
1518006156,18150,6/30/2017 0:00:00,"3",1/23/2018 14:56:00,"P","I",,"Malik, Amir",$100.00,$0.00,0,0,"_",1/23/2018 14:56:00,1/23/2018 14:56:00
1531053438,17340,12/29/2016 0:00:00,,1/27/2017 9:45:00,"P","S",,"Carlson, Jual",$100.00,$100.00,0,0,"_",1/27/2017 9:46:00,1/27/2017 9:46:00
1577512982,17649,9/3/2015 0:00:00,"2",11/17/2015 13:01:00,"P","S",,"Johnson, Eric",$1366.57,$0.00,0,0,"S",9/22/2015 8:13:00,9/22/2015 8:13:00
1606622124,18100,7/15/2016 0:00:00,"3",1/30/2017 18:13:00,"P","I",,"Wintering, Terri",$544.00,$544.00,0,0,"_",7/22/2016 14:48:00,7/22/2016 14:48:00
1610489367,15123,12/31/2011 0:00:00,,3/5/2015 16:04:00,"P","S",,"Nienow, Sean",$4950.00,$0.00,0,0,"_",3/5/2015 16:12:00,3/5/2015 16:12:00
1639867463,18104,6/23/2016 0:00:00,"5",1/31/2018 17:39:00,"P","S",,"Wallace, Kathy M.",$100.00,$100.00,0,0,"_",7/25/2016 7:42:00,7/25/2016 7:42:00
1672392530,17825,11/30/2014 0:00:00,,2/13/2015 10:08:00,"P","S",,"Dawson, Amy",$152.14,$152.14,0,0,"_",2/13/2015 10:09:00,2/13/2015 10:09:00
1692719612,17642,12/31/2015 0:00:00,"1",1/30/2016 8:44:00,"P","S",,"Hendrikson, Kay C",$750.00,$0.00,0,0,"_",1/30/2016 8:44:00,1/30/2016 8:44:00
1699088486,17512,9/13/2013 0:00:00,,2/13/2015 14:59:00,"P","S",,"Metsa, Jason",$500.00,$0.00,0,0,"_",2/13/2015 15:01:00,2/13/2015 15:01:00
1699714066,18100,6/17/2016 0:00:00,"2",1/30/2017 18:13:00,"P","I",,"Wintering, Terri",$500.00,$500.00,0,0,"_",7/22/2016 14:48:00,7/22/2016 14:48:00
1709343247,16870,4/27/2010 0:00:00,"1175",1/31/2018 22:57:00,"P","I",,"Thissen, Paul C.",$2550.00,$2550.00,0,0,"_",1/31/2018 22:57:00,1/31/2018 22:57:00
1713409223,18106,7/5/2016 0:00:00,"5",12/26/2017 9:27:00,"P","S",,"Sturino, Carmaine",$84.94,$84.94,0,0,"_",7/23/2016 8:34:00,7/23/2016 8:34:00
1713598923,18099,11/3/2016 0:00:00,"1",1/24/2018 16:42:00,"P","I",,"Ali, Ali C",$3500.00,$3500.00,0,0,"_",1/5/2017 13:41:00,1/5/2017 13:41:00
1731620655,16870,8/17/2011 0:00:00,,2/21/2017 16:14:00,"P","S",,"Thissen, Paul",$25.00,$25.00,0,0,"_",2/21/2017 16:14:00,2/21/2017 16:14:00
1755039500,17333,2/9/2012 0:00:00,,2/18/2015 9:09:00,"P","S",,"Younk, David",$21.90,$21.90,0,0,"_",2/18/2015 9:11:00,2/18/2015 9:11:00
1766053683,17732,11/30/2016 0:00:00,"5",1/28/2018 15:04:00,"P","O",,"JIM KNOBLACH",$8000.00,$0.00,0,0,"_",1/30/2017 18:31:00,1/30/2017 18:31:00
1797206956,15123,12/29/2005 0:00:00,,3/5/2015 15:56:00,"P","S",,"Nienow, Sean",$4900.00,$2560.00,0,0,"_",3/5/2015 15:58:00,3/5/2015 15:58:00
1814856058,15621,1/22/2015 0:00:00,,2/18/2016 9:45:00,"P","S",,"Thissen, Paul",$2000.00,$0.00,0,0,"_",2/18/2016 9:46:00,2/18/2016 9:46:00
1818394250,18194,1/8/2018 0:00:00,"1",1/21/2018 11:14:00,"P","S",,"Munson, Jeremy",$2000.00,$2000.00,0,0,"S",1/21/2018 11:14:00,1/21/2018 11:14:00
1848893248,15488,7/1/2010 0:00:00,,1/29/2015 15:32:00,"P","S",,"Anderson, Patricia",$13000.00,$8865.27,0,1,"_",1/29/2015 15:34:00,1/29/2015 15:34:00
1891830297,17283,11/28/2012 0:00:00,"2",2/1/2017 16:43:00,"P","S",,"Savick, Shannon L",$3850.00,$2625.25,0,1,"_",2/1/2017 16:42:00,2/1/2017 16:42:00
1902199086,18111,4/28/2016 0:00:00,,8/9/2016 11:01:00,"P","S",,"Baird, Ian",$305.00,$305.00,0,0,"_",8/9/2016 11:02:00,8/9/2016 11:02:00
1942243258,18002,10/14/2016 0:00:00,"1",1/24/2018 16:36:00,"P","S",,"Pieper, Jon",$700.00,$700.00,0,0,"_",10/31/2016 20:02:00,10/31/2016 20:02:00
1944778971,16722,1/4/2010 0:00:00,,2/10/2015 15:15:00,"P","S",,"Bartz, Greg",$10.00,$0.33,0,1,"_",2/10/2015 15:16:00,2/10/2015 15:16:00
1962892769,18100,7/21/2016 0:00:00,"6",1/30/2017 18:13:00,"P","I",,"Wintering, Terri",$1456.00,$1456.00,0,0,"_",10/26/2016 15:06:00,10/26/2016 15:06:00
1964376528,18106,6/17/2016 0:00:00,"9",12/26/2017 9:27:00,"P","S",,"Sturino, Carmaine",$35.00,$35.00,0,0,"_",7/23/2016 8:34:00,7/23/2016 8:34:00
1966126319,18150,6/16/2017 0:00:00,"2",1/23/2018 14:56:00,"P","I",,"Malik, Amir",$200.00,$0.00,0,0,"_",1/23/2018 14:56:00,1/23/2018 14:56:00
1986770899,17869,12/16/2015 0:00:00,"2",1/31/2018 21:31:00,"P","S",,"Goggin, Michael P",$3400.00,$3400.00,0,0,"_",1/31/2016 23:23:00,1/31/2016 23:23:00
2025358764,18106,9/12/2016 0:00:00,"14",12/26/2017 9:27:00,"P","S",,"Sturino, Carmaine",$100.00,$100.00,0,0,"_",10/31/2016 20:15:00,10/31/2016 20:15:00
2025406037,18080,5/31/2016 0:00:00,"2",1/30/2017 16:50:00,"P","S",,"Craig, Dave",$100.00,$0.00,0,0,"_",7/25/2016 20:51:00,7/25/2016 20:51:00
2042223391,17328,9/9/2013 0:00:00,,2/12/2015 9:32:00,"P","P",20333,"Goodhue County DFL (Goodhue 21)",$1000.00,$0.00,0,0,"_",2/12/2015 9:35:00,2/12/2015 9:35:00
2055704673,17905,5/27/2016 0:00:00,"1",1/26/2018 17:48:00,"P","S",,"Sina, Candice(Candy) M",$1000.00,$1000.00,0,0,"_",7/21/2016 16:16:00,7/21/2016 16:16:00
2066587501,17825,10/22/2014 0:00:00,,2/13/2015 10:06:00,"P","S",,"Dawson, Amy",$6500.00,$4965.19,0,0,"_",2/13/2015 10:08:00,2/13/2015 10:08:00
2079123265,18106,6/29/2016 0:00:00,"2",12/26/2017 9:27:00,"P","S",,"Sturino, Carmaine",$363.38,$363.38,0,0,"_",7/23/2016 8:34:00,7/23/2016 8:34:00
2092895107,15863,9/24/2002 0:00:00,,10/15/2015 9:18:00,"P","S",,"Hooten, Carol",$500.00,$500.00,0,1,"_",10/15/2015 9:18:00,10/15/2015 9:18:00
